idbajaspor,idbajas,IdAlmacen,Fecha,idproducto,Cantidad,Pcosto,Pventa
1,4,2,"11/01/22 00:00:00",61,180,28,150
2,1,2,"11/01/22 00:00:00",16,51,160,200
3,1,2,"11/01/22 00:00:00",4,119,15,25
4,1,2,"11/03/22 00:00:00",24,5,28,180
5,1,2,"11/09/22 00:00:00",13,4,145,210
6,2,2,"11/10/22 00:00:00",5,1,100,150
7,2,2,"11/10/22 00:00:00",21,1,70,100
8,2,2,"11/10/22 00:00:00",19,1,160,210
9,2,2,"11/10/22 00:00:00",16,1,160,200
10,2,2,"11/11/22 00:00:00",17,1,325,500
11,2,2,"11/11/22 00:00:00",14,1,210,300
12,2,2,"11/12/22 00:00:00",67,1,350,700
13,2,2,"11/16/22 00:00:00",12,1,320,420
14,2,2,"11/16/22 00:00:00",14,6,210,300
15,2,2,"11/16/22 00:00:00",16,7,160,200
16,7,2,"11/16/22 00:00:00",67,3,350,700
17,7,2,"11/16/22 00:00:00",67,24,350,700
18,7,2,"11/16/22 00:00:00",20,13,1500,2000
19,2,2,"11/17/22 00:00:00",71,66,350,350
20,2,2,"11/17/22 00:00:00",65,1,28,150
21,2,2,"11/17/22 00:00:00",68,1,52,250
22,2,2,"11/17/22 00:00:00",72,1,200,250
23,2,2,"11/18/22 00:00:00",14,1,210,300
24,2,2,"11/18/22 00:00:00",15,1,200,325
25,2,2,"11/18/22 00:00:00",72,1,200,250
26,2,2,"11/19/22 00:00:00",70,89,350,350
27,2,2,"11/19/22 00:00:00",15,92,200,325
28,2,2,"11/19/22 00:00:00",15,92,200,325
29,2,1,"11/19/22 00:00:00",70,768,350,350
30,2,1,"11/19/22 00:00:00",71,48,300,300
31,2,2,"11/19/22 00:00:00",1,1,320,420
32,2,2,"11/19/22 00:00:00",16,2,160,200
33,2,2,"11/19/22 00:00:00",6,2,40,75
34,2,2,"11/19/22 00:00:00",19,1,160,210
35,2,1,"11/19/22 00:00:00",20,1,1500,2000
36,2,2,"11/20/22 00:00:00",4,2,15,25
37,2,2,"11/20/22 00:00:00",14,7,210,300
38,2,2,"11/20/22 00:00:00",15,2,200,300
39,2,2,"11/20/22 00:00:00",19,1,160,210
40,2,2,"11/20/22 00:00:00",3,2,45,80
41,2,2,"11/20/22 00:00:00",16,2,160,200
42,2,2,"11/20/22 00:00:00",21,1,70,100
43,2,2,"11/20/22 00:00:00",15,4,200,300
44,2,2,"11/20/22 00:00:00",71,6,300,300
45,2,2,"11/22/22 00:00:00",20,5,1500,2000
46,2,2,"11/22/22 00:00:00",19,2,160,210
47,2,2,"11/22/22 00:00:00",17,2,325,500
48,2,2,"11/22/22 00:00:00",16,2,160,200
49,2,2,"11/22/22 00:00:00",71,1,300,300
50,2,2,"11/22/22 00:00:00",72,3,200,250
51,2,2,"11/22/22 00:00:00",73,1,400,700
52,2,2,"11/22/22 00:00:00",3,2,45,80
53,2,2,"11/22/22 00:00:00",14,1,210,300
54,2,2,"11/22/22 00:00:00",16,3,160,200
55,2,2,"11/24/22 00:00:00",14,276,210,300
56,2,2,"11/24/22 00:00:00",13,4,135,190
57,2,2,"11/24/22 00:00:00",15,1,200,300
58,2,2,"11/24/22 00:00:00",16,2,160,200
59,2,2,"11/24/22 00:00:00",11,1,245,400
60,2,2,"11/25/22 00:00:00",74,1,700,1200
61,2,1,"11/25/22 00:00:00",13,24,135,190
62,2,2,"11/26/22 00:00:00",19,1,160,210
63,2,2,"11/26/22 00:00:00",22,1,24,200
64,2,2,"11/26/22 00:00:00",23,3,17,180
65,2,2,"11/26/22 00:00:00",75,3,15,30
66,2,2,"11/26/22 00:00:00",75,267,15,30
67,1,2,"11/26/22 00:00:00",75,1,15,30
68,2,2,"11/27/22 00:00:00",13,48,135,190
69,2,2,"11/27/22 00:00:00",15,4,200,300
70,2,2,"11/27/22 00:00:00",19,2,160,210
71,2,2,"11/27/22 00:00:00",20,3,1500,2000
72,2,2,"11/27/22 00:00:00",71,2,300,300
73,2,2,"11/27/22 00:00:00",72,1,200,250
74,2,1,"11/27/22 00:00:00",13,48,135,190
75,2,2,"11/27/22 00:00:00",75,1,15,30
76,2,2,"11/27/22 00:00:00",13,5,135,190
77,2,2,"11/27/22 00:00:00",6,4,40,75
78,2,2,"11/27/22 00:00:00",75,6,15,30
79,2,2,"11/27/22 00:00:00",3,1,45,80
80,2,2,"11/27/22 00:00:00",70,5,350,350
81,2,2,"11/27/22 00:00:00",19,1,160,210
82,2,2,"11/27/22 00:00:00",21,1,70,100
83,2,2,"11/28/22 00:00:00",15,1,200,300
84,2,2,"11/28/22 00:00:00",8,1,70,120
85,2,2,"11/29/22 00:00:00",19,2,160,210
86,2,1,"11/29/22 00:00:00",18,1,400,700
87,2,2,"11/30/22 00:00:00",13,16,135,190
88,2,2,"11/30/22 00:00:00",15,2,200,300
89,2,2,"11/30/22 00:00:00",19,2,160,210
90,2,2,"11/30/22 00:00:00",72,1,200,250
91,2,1,"11/30/22 00:00:00",72,2,200,250
92,2,2,"12/02/22 00:00:00",3,1,45,80
93,2,2,"12/02/22 00:00:00",23,10,17,180
94,2,2,"12/03/22 00:00:00",6,1,40,75
95,2,2,"12/03/22 00:00:00",4,1,15,25
96,2,2,"12/03/22 00:00:00",6,1,40,75
97,2,2,"12/03/22 00:00:00",13,2,135,190
98,2,2,"12/03/22 00:00:00",19,1,160,210
99,2,2,"12/03/22 00:00:00",21,1,70,100
100,2,2,"12/03/22 00:00:00",71,1,300,300
101,2,2,"12/03/22 00:00:00",75,4,15,30
102,2,2,"12/04/22 00:00:00",20,2,1500,2000
103,2,2,"12/04/22 00:00:00",6,1,40,75
104,2,2,"12/04/22 00:00:00",13,20,135,190
105,2,2,"12/04/22 00:00:00",15,1,200,300
106,2,2,"12/04/22 00:00:00",18,1,400,700
107,2,2,"12/04/22 00:00:00",23,2,17,180
108,2,2,"12/04/22 00:00:00",72,2,200,250
109,2,2,"12/04/22 00:00:00",75,12,15,30
110,2,2,"12/04/22 00:00:00",19,1,160,210
111,2,2,"12/06/22 00:00:00",17,1,325,500
112,2,2,"12/06/22 00:00:00",3,2,45,80
113,2,2,"12/06/22 00:00:00",11,1,245,400
114,2,2,"12/06/22 00:00:00",13,10,135,190
115,2,2,"12/06/22 00:00:00",15,4,200,300
116,2,2,"12/06/22 00:00:00",18,2,400,700
117,2,2,"12/06/22 00:00:00",75,1,15,30
118,2,2,"12/08/22 00:00:00",13,13,135,190
119,2,2,"12/08/22 00:00:00",15,6,200,300
120,2,2,"12/08/22 00:00:00",75,3,15,30
121,2,2,"12/08/22 00:00:00",75,1,15,30
122,2,2,"12/08/22 00:00:00",6,1,40,75
123,2,2,"12/09/22 00:00:00",20,1,1500,2000
124,2,2,"12/09/22 00:00:00",3,5,45,80
125,2,2,"12/09/22 00:00:00",6,2,40,75
126,2,2,"12/09/22 00:00:00",13,7,135,190
127,2,2,"12/09/22 00:00:00",14,1,210,300
128,2,2,"12/09/22 00:00:00",19,2,160,210
129,2,2,"12/09/22 00:00:00",21,1,70,100
130,2,2,"12/09/22 00:00:00",75,8,15,30
131,2,2,"12/10/22 00:00:00",3,1,45,80
132,2,2,"12/11/22 00:00:00",71,2,300,300
133,2,2,"12/11/22 00:00:00",13,2,135,190
134,2,2,"12/12/22 00:00:00",14,4,210,300
135,2,2,"12/12/22 00:00:00",70,7,350,250
136,2,2,"12/12/22 00:00:00",72,1,200,250
137,2,2,"12/12/22 00:00:00",13,21,135,190
138,2,2,"12/12/22 00:00:00",3,6,45,80
139,2,2,"12/12/22 00:00:00",6,6,40,75
140,2,2,"12/12/22 00:00:00",19,1,160,210
141,2,1,"12/13/22 00:00:00",20,36,1500,2000
142,2,1,"12/13/22 00:00:00",19,24,160,210
143,2,1,"12/13/22 00:00:00",17,12,325,500
144,2,2,"12/13/22 00:00:00",21,4,70,100
145,2,2,"12/14/22 00:00:00",21,1,70,100
146,2,2,"12/14/22 00:00:00",18,1,400,700
147,2,2,"12/14/22 00:00:00",15,2,200,250
148,2,2,"12/14/22 00:00:00",13,3,135,190
149,2,2,"12/16/22 00:00:00",6,2,40,75
150,2,2,"12/16/22 00:00:00",8,4,70,120
151,2,2,"12/16/22 00:00:00",13,3,135,190
152,2,2,"12/16/22 00:00:00",71,1,300,250
153,2,2,"12/16/22 00:00:00",77,3,125,200
154,2,2,"12/16/22 00:00:00",6,2,40,75
155,2,2,"12/16/22 00:00:00",71,1,300,250
156,2,2,"12/16/22 00:00:00",13,6,135,190
157,2,2,"12/16/22 00:00:00",3,1,45,80
158,2,2,"12/20/22 00:00:00",15,2,200,250
159,2,2,"12/20/22 00:00:00",71,18,300,250
160,2,2,"12/20/22 00:00:00",77,1,125,200
161,2,2,"12/20/22 00:00:00",8,1,70,120
162,2,1,"12/20/22 00:00:00",19,72,160,210
163,2,2,"12/20/22 00:00:00",11,1,245,400
164,2,2,"12/20/22 00:00:00",77,1,125,200
165,2,2,"12/20/22 00:00:00",3,1,45,80
166,2,2,"12/20/22 00:00:00",3,1,45,80
167,2,2,"12/20/22 00:00:00",13,10,135,190
168,2,2,"12/20/22 00:00:00",15,2,200,250
169,2,2,"12/20/22 00:00:00",19,8,160,210
170,2,2,"12/20/22 00:00:00",72,1,200,250
171,2,2,"12/20/22 00:00:00",77,1,125,200
172,2,2,"12/20/22 00:00:00",71,1,300,250
173,2,2,"12/21/22 00:00:00",77,1,125,200
174,2,2,"12/22/22 00:00:00",17,1,325,500
175,2,2,"12/22/22 00:00:00",17,1,325,500
176,2,2,"12/22/22 00:00:00",17,2,325,500
177,2,2,"12/22/22 00:00:00",20,2,1500,2000
178,2,2,"12/22/22 00:00:00",13,10,135,190
179,2,2,"12/22/22 00:00:00",19,2,160,210
180,2,2,"12/22/22 00:00:00",25,2,5,10
181,2,2,"12/23/22 00:00:00",13,11,135,190
182,2,2,"12/23/22 00:00:00",23,1,17,180
183,2,2,"12/23/22 00:00:00",61,1,28,150
184,2,2,"12/23/22 00:00:00",69,1,24,200
185,2,1,"12/24/22 00:00:00",13,24,135,190
186,2,1,"12/24/22 00:00:00",13,96,135,190
187,2,2,"12/24/22 00:00:00",3,1,45,80
188,2,2,"12/24/22 00:00:00",72,1,200,250
189,2,2,"12/24/22 00:00:00",20,1,1500,2000
190,2,2,"12/24/22 00:00:00",77,2,125,200
191,2,2,"12/24/22 00:00:00",20,1,1500,2000
192,2,2,"12/24/22 00:00:00",18,1,400,700
193,2,2,"12/24/22 00:00:00",61,1,28,150
194,2,2,"12/24/22 00:00:00",13,6,135,190
195,2,2,"12/24/22 00:00:00",25,11,5,10
196,2,2,"12/25/22 00:00:00",3,2,45,80
197,2,2,"12/25/22 00:00:00",15,1,200,250
198,2,2,"12/25/22 00:00:00",20,1,1500,2000
199,2,2,"12/25/22 00:00:00",25,8,5,10
200,2,2,"12/25/22 00:00:00",13,2,135,190
201,2,2,"12/27/22 00:00:00",19,1,160,210
202,2,2,"12/27/22 00:00:00",3,1,45,80
203,2,2,"12/27/22 00:00:00",18,2,400,700
204,2,2,"12/27/22 00:00:00",22,1,24,200
205,2,2,"12/27/22 00:00:00",71,2,300,250
206,2,2,"12/28/22 00:00:00",21,1,70,100
207,2,2,"12/28/22 00:00:00",70,1,350,250
208,2,2,"12/28/22 00:00:00",25,7,5,10
209,2,2,"12/30/22 00:00:00",13,10,135,190
210,2,2,"12/30/22 00:00:00",77,1,125,200
211,2,2,"12/31/22 00:00:00",3,2,45,80
212,2,2,"12/31/22 00:00:00",13,26,135,190
213,2,2,"12/31/22 00:00:00",19,8,160,210
214,2,2,"12/31/22 00:00:00",72,2,200,250
215,2,2,"12/31/22 00:00:00",77,1,125,200
216,2,2,"12/31/22 00:00:00",25,2,5,10
217,2,2,"01/03/23 00:00:00",3,3,45,80
218,2,2,"01/03/23 00:00:00",8,267,70,120
219,2,2,"01/03/23 00:00:00",13,48,135,190
220,2,2,"01/03/23 00:00:00",18,1,400,700
221,2,2,"01/03/23 00:00:00",19,2,160,210
222,2,2,"01/03/23 00:00:00",22,1,24,200
223,2,2,"01/03/23 00:00:00",23,1,17,180
224,2,2,"01/03/23 00:00:00",61,1,28,150
225,2,2,"01/03/23 00:00:00",70,14,350,250
226,2,2,"01/03/23 00:00:00",72,2,200,250
227,2,2,"01/03/23 00:00:00",73,1,400,800
228,2,2,"01/03/23 00:00:00",77,11,125,200
229,2,2,"01/03/23 00:00:00",78,1,1350,1850
230,2,2,"01/03/23 00:00:00",83,4,1700,2000
231,2,1,"01/03/23 00:00:00",17,24,325,500
232,2,1,"01/03/23 00:00:00",13,48,135,190
233,2,1,"01/03/23 00:00:00",71,24,300,250
234,2,2,"01/04/23 00:00:00",77,2,125,200
235,2,2,"01/04/23 00:00:00",86,64,115,130
236,2,2,"01/04/23 00:00:00",8,1,70,120
237,2,2,"01/04/23 00:00:00",13,6,135,190
238,2,2,"01/04/23 00:00:00",72,1,200,250
239,2,2,"01/04/23 00:00:00",25,19,5,10
240,2,2,"01/04/23 00:00:00",13,7,135,190
241,2,2,"01/04/23 00:00:00",22,1,24,200
242,2,2,"01/05/23 00:00:00",73,1,400,800
243,2,2,"01/06/23 00:00:00",13,4,135,190
244,2,2,"01/06/23 00:00:00",77,1,125,200
245,2,2,"01/06/23 00:00:00",86,1,115,130
246,2,2,"01/06/23 00:00:00",18,1,400,700
247,2,1,"01/06/23 00:00:00",86,144,115,130
248,2,2,"01/06/23 00:00:00",3,1,45,80
249,2,2,"01/06/23 00:00:00",86,2,115,130
250,2,2,"01/06/23 00:00:00",25,10,5,10
251,2,2,"01/06/23 00:00:00",17,1,325,500
252,2,2,"01/06/23 00:00:00",13,2,135,190
253,2,2,"01/06/23 00:00:00",77,2,125,200
254,2,2,"01/07/23 00:00:00",71,15,300,250
255,2,2,"01/08/23 00:00:00",73,1,400,800
256,2,2,"01/08/23 00:00:00",83,19,1700,2000
257,2,2,"01/08/23 00:00:00",86,1,115,130
258,2,2,"01/08/23 00:00:00",72,1,200,250
259,2,2,"01/08/23 00:00:00",78,1,1350,1850
260,2,2,"01/08/23 00:00:00",86,8,115,130
261,2,2,"01/10/23 00:00:00",77,1,125,200
262,2,2,"01/10/23 00:00:00",77,1,125,200
263,2,2,"01/11/23 00:00:00",73,2,400,800
264,2,2,"01/11/23 00:00:00",18,2,400,700
265,2,2,"01/11/23 00:00:00",8,2,70,120
266,2,2,"01/12/23 00:00:00",77,1,125,200
267,2,2,"01/12/23 00:00:00",3,1,45,80
268,2,2,"01/12/23 00:00:00",3,1,45,80
269,2,2,"01/12/23 00:00:00",13,4,135,190
270,2,2,"01/12/23 00:00:00",71,1,300,250
271,2,2,"01/12/23 00:00:00",25,13,5,10
272,2,2,"01/13/23 00:00:00",86,2,115,130
273,2,2,"01/13/23 00:00:00",61,1,28,150
274,2,2,"01/13/23 00:00:00",25,6,5,10
275,2,2,"01/13/23 00:00:00",18,1,400,700
276,2,2,"01/15/23 00:00:00",8,12,70,120
277,2,2,"01/15/23 00:00:00",86,14,115,130
278,2,2,"01/15/23 00:00:00",86,1,115,130
279,2,2,"01/15/23 00:00:00",13,12,135,190
280,2,2,"01/15/23 00:00:00",13,16,135,190
281,2,2,"01/15/23 00:00:00",13,2,135,190
282,2,2,"01/15/23 00:00:00",14,2,210,250
283,2,2,"01/15/23 00:00:00",71,4,300,250
284,2,2,"01/15/23 00:00:00",72,1,200,250
285,2,2,"01/16/23 00:00:00",8,12,70,120
286,2,2,"01/17/23 00:00:00",3,1,45,80
287,2,2,"01/17/23 00:00:00",18,1,400,700
288,2,2,"01/17/23 00:00:00",72,1,200,250
289,2,2,"01/17/23 00:00:00",77,6,125,200
290,2,2,"01/17/23 00:00:00",14,6,210,250
291,2,2,"01/17/23 00:00:00",71,2,300,250
292,2,2,"01/17/23 00:00:00",13,11,135,190
293,2,2,"01/17/23 00:00:00",88,1,170,250
294,2,2,"01/17/23 00:00:00",71,2,300,250
295,2,2,"01/18/23 00:00:00",25,4,5,10
296,2,2,"01/18/23 00:00:00",71,1,300,250
297,2,2,"01/18/23 00:00:00",86,1,115,130
298,2,2,"01/18/23 00:00:00",22,1,24,200
299,2,2,"01/19/23 00:00:00",88,1,170,250
300,2,2,"01/19/23 00:00:00",25,3,5,10
301,2,2,"01/19/23 00:00:00",88,1,170,250
302,2,2,"01/20/23 00:00:00",14,1,210,250
303,2,2,"01/20/23 00:00:00",13,1,135,190
304,2,2,"01/21/23 00:00:00",77,1,125,200
305,2,2,"01/21/23 00:00:00",25,17,5,10
306,2,2,"01/21/23 00:00:00",88,1,170,250
307,2,2,"01/21/23 00:00:00",88,2,170,250
308,2,2,"01/22/23 00:00:00",14,1,210,250
309,2,2,"01/22/23 00:00:00",78,1,750,1500
310,2,2,"01/23/23 00:00:00",88,1,170,250
311,2,2,"01/23/23 00:00:00",86,1,115,130
312,2,2,"01/23/23 00:00:00",13,1,135,190
313,2,2,"01/23/23 00:00:00",77,1,125,200
314,2,2,"01/23/23 00:00:00",88,1,170,250
315,2,2,"01/24/23 00:00:00",14,1,210,250
316,2,1,"01/24/23 00:00:00",7,1,325,350
317,2,2,"01/25/23 00:00:00",77,1,125,200
318,2,2,"01/25/23 00:00:00",88,1,170,250
319,2,2,"01/25/23 00:00:00",86,3,115,130
320,2,2,"01/25/23 00:00:00",14,1,210,250
321,2,2,"01/25/23 00:00:00",71,2,300,250
322,2,2,"01/25/23 00:00:00",13,1,135,190
323,2,2,"01/25/23 00:00:00",90,1,125,180
324,2,2,"01/25/23 00:00:00",25,6,5,10
325,2,2,"01/25/23 00:00:00",77,1,125,200
326,2,2,"01/26/23 00:00:00",90,1,125,180
327,2,2,"01/26/23 00:00:00",25,17,5,10
328,2,2,"01/26/23 00:00:00",77,1,125,200
329,2,2,"01/27/23 00:00:00",13,1,135,190
330,2,2,"01/27/23 00:00:00",25,9,5,10
331,2,2,"01/27/23 00:00:00",90,3,125,180
332,2,2,"01/27/23 00:00:00",22,2,24,200
333,2,2,"01/27/23 00:00:00",72,1,200,250
334,2,2,"01/29/23 00:00:00",3,1,45,80
335,2,2,"01/29/23 00:00:00",13,2,135,190
336,2,2,"01/29/23 00:00:00",21,1,70,100
337,2,2,"01/29/23 00:00:00",88,1,170,250
338,2,2,"01/29/23 00:00:00",13,1,135,190
339,2,2,"01/29/23 00:00:00",90,1,125,180
340,2,2,"01/29/23 00:00:00",7,1,325,350
341,2,2,"01/29/23 00:00:00",25,7,5,10
342,2,2,"01/30/23 00:00:00",13,2,135,190
343,2,2,"01/30/23 00:00:00",14,2,210,250
344,2,2,"01/30/23 00:00:00",25,7,5,10
345,2,2,"01/30/23 00:00:00",65,1,28,150
346,2,2,"01/30/23 00:00:00",77,2,125,200
347,2,2,"01/30/23 00:00:00",88,2,170,250
348,2,2,"01/31/23 00:00:00",93,48,380,550
349,2,2,"01/31/23 00:00:00",25,2,5,10
350,2,2,"01/31/23 00:00:00",25,19,5,10
351,2,2,"01/31/23 00:00:00",86,2,115,130
352,2,2,"01/31/23 00:00:00",77,1,125,200
353,2,2,"02/01/23 00:00:00",14,2,210,250
354,2,2,"02/01/23 00:00:00",13,1,135,190
355,2,2,"02/01/23 00:00:00",90,1,125,180
356,2,2,"02/01/23 00:00:00",87,1,70,150
357,2,2,"02/02/23 00:00:00",77,1,125,200
358,2,2,"02/02/23 00:00:00",86,1,115,130
359,2,2,"02/02/23 00:00:00",88,2,170,250
360,2,2,"02/02/23 00:00:00",90,1,125,180
361,2,2,"02/02/23 00:00:00",3,2,45,80
362,2,2,"02/02/23 00:00:00",8,12,70,120
363,2,2,"02/03/23 00:00:00",7,1,325,350
364,2,2,"02/03/23 00:00:00",13,9,135,190
365,2,2,"02/03/23 00:00:00",14,3,210,250
366,2,2,"02/03/23 00:00:00",14,2,210,250
367,2,2,"02/03/23 00:00:00",72,1,200,250
368,2,2,"02/03/23 00:00:00",77,1,125,200
369,2,2,"02/03/23 00:00:00",14,2,210,250
370,2,2,"02/03/23 00:00:00",22,12,24,200
371,1,2,"02/03/23 00:00:00",25,12,5,10
372,2,2,"02/03/23 00:00:00",71,10,300,250
373,2,2,"02/04/23 00:00:00",22,1,24,200
374,2,2,"02/05/23 00:00:00",14,2,210,250
375,2,2,"02/05/23 00:00:00",13,2,135,190
376,2,2,"02/05/23 00:00:00",86,2,115,130
377,2,2,"02/05/23 00:00:00",86,1,115,130
378,2,2,"02/05/23 00:00:00",25,6,5,10
379,2,2,"02/05/23 00:00:00",14,1,210,250
380,2,2,"02/06/23 00:00:00",87,2,70,150
381,2,2,"02/06/23 00:00:00",13,1,135,190
382,1,2,"02/08/23 00:00:00",14,1,210,250
383,2,2,"02/08/23 00:00:00",78,1,750,1500
384,2,2,"02/08/23 00:00:00",77,6,125,200
385,2,2,"02/08/23 00:00:00",86,1,115,130
386,2,2,"02/08/23 00:00:00",77,1,125,200
387,2,2,"02/08/23 00:00:00",13,2,135,190
388,2,2,"02/08/23 00:00:00",13,7,135,190
389,2,2,"02/08/23 00:00:00",88,3,170,250
390,2,2,"02/08/23 00:00:00",14,1,210,250
391,2,2,"02/08/23 00:00:00",77,1,125,200
392,2,2,"02/08/23 00:00:00",13,2,135,190
393,2,2,"02/08/23 00:00:00",88,1,170,250
394,2,2,"02/08/23 00:00:00",14,2,210,250
395,2,2,"02/09/23 00:00:00",88,1,170,250
396,2,2,"02/10/23 00:00:00",77,1,125,200
397,2,2,"02/10/23 00:00:00",14,1,210,250
398,2,2,"02/10/23 00:00:00",13,1,135,190
399,2,2,"02/10/23 00:00:00",25,18,5,10
400,2,2,"02/10/23 00:00:00",90,1,125,180
401,2,2,"02/10/23 00:00:00",13,4,135,190
402,2,2,"02/10/23 00:00:00",25,6,5,10
403,2,2,"02/10/23 00:00:00",13,9,135,190
404,2,2,"02/10/23 00:00:00",7,2,325,350
405,2,2,"02/11/23 00:00:00",72,3,200,250
406,2,2,"02/11/23 00:00:00",91,1,280,400
407,2,2,"02/11/23 00:00:00",22,1,24,200
408,2,2,"02/11/23 00:00:00",88,1,170,250
409,2,2,"02/11/23 00:00:00",95,1,1000,1200
410,2,2,"02/12/23 00:00:00",3,3,45,80
411,2,2,"02/12/23 00:00:00",86,6,115,130
412,2,2,"02/12/23 00:00:00",86,1,115,130
413,2,2,"02/12/23 00:00:00",90,2,125,180
414,2,2,"02/12/23 00:00:00",88,1,170,250
415,2,2,"02/12/23 00:00:00",17,18,325,500
416,2,2,"02/12/23 00:00:00",77,1,125,200
417,2,2,"02/12/23 00:00:00",7,2,325,350
418,2,2,"02/12/23 00:00:00",72,1,200,250
419,2,2,"02/12/23 00:00:00",90,1,125,180
420,2,2,"02/12/23 00:00:00",88,1,170,250
421,2,1,"02/14/23 00:00:00",13,119,135,190
422,2,1,"02/14/23 00:00:00",88,1,170,250
423,2,1,"02/14/23 00:00:00",7,1,325,350
424,2,2,"02/14/23 00:00:00",88,1,170,250
425,2,2,"02/14/23 00:00:00",88,2,170,250
426,2,2,"02/14/23 00:00:00",13,12,135,190
427,2,2,"02/15/23 00:00:00",3,3,45,80
428,2,2,"02/15/23 00:00:00",77,6,125,200
429,2,2,"02/15/23 00:00:00",86,6,115,130
430,2,2,"02/15/23 00:00:00",90,2,125,180
431,2,2,"02/15/23 00:00:00",88,1,170,250
432,2,2,"02/15/23 00:00:00",13,41,135,190
433,2,2,"02/15/23 00:00:00",95,1,1000,1200
434,2,2,"02/15/23 00:00:00",8,4,70,120
435,2,2,"02/15/23 00:00:00",88,1,170,250
436,2,2,"02/15/23 00:00:00",77,1,125,200
437,2,2,"02/15/23 00:00:00",90,1,125,180
438,2,2,"02/15/23 00:00:00",13,5,135,190
439,2,2,"02/16/23 00:00:00",88,4,170,250
440,2,2,"02/16/23 00:00:00",88,1,170,250
441,2,2,"02/16/23 00:00:00",7,1,325,350
442,2,2,"02/16/23 00:00:00",90,1,125,180
443,4,2,"03/07/23 00:00:00",57,1,2600,4000
444,4,2,"03/07/23 00:00:00",129,4,160,250
445,4,2,"03/07/23 00:00:00",24,1,40,100
446,1,2,"03/07/23 00:00:00",28,2,60,100
447,2,2,"03/07/23 00:00:00",13,6,270,380
448,2,2,"03/07/23 00:00:00",9,1,125,190
449,4,2,"03/07/23 00:00:00",51,1,2000,3000
450,5,2,"03/07/23 00:00:00",68,3,18,45
451,5,2,"03/07/23 00:00:00",37,1,55,100
452,5,2,"03/07/23 00:00:00",95,1,85,150
453,5,2,"03/07/23 00:00:00",52,1,250,375
454,5,1,"03/07/23 00:00:00",80,2,120,300
455,5,2,"03/07/23 00:00:00",100,1,185,320
456,5,2,"03/07/23 00:00:00",126,1,115,250
457,5,2,"03/07/23 00:00:00",113,1,1,200
458,5,2,"03/07/23 00:00:00",123,1,10,15
459,4,1,"03/07/23 00:00:00",77,325,300,550
460,5,1,"03/07/23 00:00:00",21,4,155,280
461,4,2,"03/07/23 00:00:00",104,1,98,250
462,5,2,"03/07/23 00:00:00",100,1,185,320
463,4,2,"03/07/23 00:00:00",47,6,112,200
464,4,2,"03/07/23 00:00:00",32,1,60,120
465,5,2,"03/08/23 00:00:00",1,1,160,250
466,5,1,"03/08/23 00:00:00",80,1,120,300
467,2,1,"03/09/23 00:00:00",95,5,85,150
468,2,1,"03/09/23 00:00:00",104,5,98,250
469,5,1,"03/11/23 00:00:00",92,1,370,550
470,4,1,"03/11/23 00:00:00",92,1,370,550
471,5,1,"03/11/23 00:00:00",138,2,115,250
472,5,1,"03/11/23 00:00:00",100,2,185,320
473,5,1,"03/11/23 00:00:00",99,2,110,220
474,5,1,"03/11/23 00:00:00",54,1,1800,3500
475,5,1,"03/11/23 00:00:00",66,30,10,35
476,4,1,"03/12/23 00:00:00",80,23,120,300
477,4,1,"03/13/23 00:00:00",24,30,40,100
478,2,1,"03/13/23 00:00:00",24,22,40,100
479,1,1,"03/13/23 00:00:00",34,1,200,375
480,3,1,"03/13/23 00:00:00",54,5,1800,3500
481,4,2,"03/13/23 00:00:00",46,1,900,1600
482,2,2,"03/13/23 00:00:00",100,1,185,320
483,2,2,"03/13/23 00:00:00",104,1,98,250
484,2,2,"03/13/23 00:00:00",29,1,60,100
485,2,2,"03/13/23 00:00:00",36,1,180,300
486,2,2,"03/13/23 00:00:00",52,1,250,375
487,2,2,"03/13/23 00:00:00",3,1,160,250
488,2,2,"03/13/23 00:00:00",1,2,160,250
489,2,2,"03/13/23 00:00:00",142,1,120,200
490,4,2,"03/13/23 00:00:00",63,12,410,650
491,2,2,"03/13/23 00:00:00",126,1,115,250
492,5,2,"03/13/23 00:00:00",80,2,120,300
493,5,2,"03/13/23 00:00:00",142,1,120,200
494,5,2,"03/13/23 00:00:00",95,1,85,180
495,5,2,"03/13/23 00:00:00",126,1,115,250
496,5,2,"03/13/23 00:00:00",23,1,30,80
497,5,2,"03/13/23 00:00:00",68,3,18,45
498,2,1,"03/13/23 00:00:00",55,4,2200,3500
499,5,2,"03/13/23 00:00:00",80,1,120,300
500,5,1,"03/13/23 00:00:00",71,16,75,150
501,5,2,"03/13/23 00:00:00",126,1,115,250
502,2,1,"03/14/23 00:00:00",21,1,155,280
503,5,2,"03/15/23 00:00:00",1,1,160,250
504,4,2,"03/15/23 00:00:00",26,1,60,100
505,4,2,"03/15/23 00:00:00",24,1,40,100
506,5,2,"03/15/23 00:00:00",148,5,125,190
507,2,2,"03/15/23 00:00:00",5,1,200,280
508,2,2,"03/15/23 00:00:00",67,4,25,40
509,5,2,"03/15/23 00:00:00",142,1,120,200
510,4,2,"03/15/23 00:00:00",51,1,2000,3000
511,4,1,"03/15/23 00:00:00",54,1,1800,3500
512,4,1,"03/15/23 00:00:00",145,1,1800,3500
513,4,2,"03/15/23 00:00:00",139,6,50,200
514,2,2,"03/16/23 00:00:00",26,9,60,100
515,4,2,"03/16/23 00:00:00",54,1,1800,3500
516,8,1,"04/07/23 00:00:00",24,60,40,100
517,8,1,"04/07/23 00:00:00",152,500,5,50
518,2,2,"04/19/23 00:00:00",4,4,183,350
519,2,1,"05/07/23 00:00:00",7,10,145,350
520,2,1,"05/07/23 00:00:00",5,7,182,300
521,2,1,"05/07/23 00:00:00",1,13,109,250
522,2,1,"05/07/23 00:00:00",4,13,183,350
523,2,1,"05/07/23 00:00:00",4,2,183,350
524,6,2,"06/13/23 00:00:00",13,48,135,350
525,4,1,"06/24/23 00:00:00",13,81,135,350
526,4,1,"06/24/23 00:00:00",7,1,145,350
527,5,1,"07/05/23 00:00:00",1,1,109,250
528,5,1,"07/05/23 00:00:00",11,1,135,300
529,5,1,"07/08/23 00:00:00",17,1,580,900
530,5,1,"07/14/23 00:00:00",10,1,150,250
531,5,1,"07/14/23 00:00:00",16,2,100,200
532,5,1,"07/20/23 00:00:00",1,1,109,250
533,5,1,"08/09/23 00:00:00",1,23,109,250
534,2,1,"05/13/24 00:00:00",5,2,182,500
535,2,1,"05/13/24 00:00:00",11,19,135,500
536,2,1,"05/13/24 00:00:00",17,11,580,1200
537,2,1,"05/13/24 00:00:00",36,8,350,500
538,4,1,"05/13/24 00:00:00",32,15,180,450
539,7,1,"05/13/24 00:00:00",18,12,170,500
540,5,1,"05/13/24 00:00:00",21,12,140,450
541,5,1,"05/13/24 00:00:00",26,28,200,500
542,2,1,"05/13/24 00:00:00",28,18,170,500
543,5,1,"05/13/24 00:00:00",19,20,150,500
544,5,1,"05/13/24 00:00:00",1,83,200,500
545,2,1,"05/21/24 00:00:00",62,1,310,1000
546,2,1,"05/21/24 00:00:00",52,1,208,800
547,2,1,"05/23/24 00:00:00",61,1,310,1000
548,2,1,"05/24/24 00:00:00",52,1,208,800
549,2,1,"05/25/24 00:00:00",62,1,310,1000
550,2,1,"05/28/24 00:00:00",61,1,310,1000
551,2,1,"05/29/24 00:00:00",61,1,310,950
552,2,1,"05/29/24 00:00:00",62,1,310,950
553,2,1,"06/01/24 00:00:00",80,1,300,600
554,2,1,"06/01/24 00:00:00",61,1,310,950
555,2,1,"06/01/24 00:00:00",81,4,300,600
556,2,1,"06/01/24 00:00:00",83,2,513,1150
557,2,1,"06/01/24 00:00:00",82,4,174,700
558,2,1,"06/04/24 00:00:00",82,3,174,700
559,2,1,"06/04/24 00:00:00",52,3,208,750
560,2,1,"06/04/24 00:00:00",82,3,174,700
561,2,1,"06/18/24 00:00:00",82,3,174,700
562,2,1,"06/25/24 00:00:00",82,2,174,700
563,2,1,"06/27/24 00:00:00",52,3,208,750
564,2,1,"07/02/24 00:00:00",82,5,174,700
565,2,1,"07/09/24 00:00:00",82,2,251,700
566,2,1,"07/09/24 00:00:00",83,1,316,950
567,2,1,"07/24/24 00:00:00",61,1,310,950
568,2,1,"07/24/24 00:00:00",62,1,310,950
569,2,1,"07/24/24 00:00:00",82,6,251,700
570,2,1,"07/24/24 00:00:00",91,6,47,180
571,2,1,"08/02/24 00:00:00",90,2,415,950
572,2,1,"08/03/24 00:00:00",61,1,310,950
573,2,1,"08/07/24 00:00:00",61,5,310,950
574,2,1,"08/13/24 00:00:00",62,1,310,950
575,2,1,"08/13/24 00:00:00",91,4,47,180
576,2,1,"08/21/24 00:00:00",88,10,225,600
577,2,1,"08/24/24 00:00:00",62,1,310,950
578,2,1,"08/24/24 00:00:00",82,5,251,700
579,2,1,"08/27/24 00:00:00",91,5,47,180
580,2,1,"08/31/24 00:00:00",61,1,310,750
581,2,1,"09/03/24 00:00:00",91,4,47,180
582,2,1,"09/05/24 00:00:00",77,2,41,50
583,2,1,"09/05/24 00:00:00",61,1,310,750
584,2,1,"09/05/24 00:00:00",62,1,310,750
585,2,1,"09/05/24 00:00:00",82,3,251,700
586,2,1,"09/07/24 00:00:00",88,1,225,600
587,2,1,"09/07/24 00:00:00",113,1,0,750
588,2,1,"09/12/24 00:00:00",91,1,47,180
589,2,1,"09/14/24 00:00:00",91,6,47,180
590,2,1,"09/14/24 00:00:00",61,1,310,750
591,2,1,"09/19/24 00:00:00",52,1,208,750
592,2,1,"09/20/24 00:00:00",123,1,256,700
593,2,1,"09/21/24 00:00:00",88,5,225,600
594,2,1,"09/21/24 00:00:00",77,2,41,50
595,2,1,"09/21/24 00:00:00",82,4,251,700
596,2,1,"09/21/24 00:00:00",61,1,310,750
597,2,1,"09/21/24 00:00:00",62,1,310,750
598,2,1,"09/24/24 00:00:00",91,3,47,180
599,2,1,"09/26/24 00:00:00",52,1,208,750
600,2,1,"09/27/24 00:00:00",91,9,47,180
601,2,1,"09/28/24 00:00:00",52,1,208,750
602,2,1,"10/05/24 00:00:00",88,5,225,600
603,2,1,"10/15/24 00:00:00",61,1,310,750
604,2,1,"10/15/24 00:00:00",62,1,310,750
605,2,1,"10/17/24 00:00:00",91,3,47,180
606,2,1,"10/29/24 00:00:00",52,1,0,1100
607,2,1,"10/30/24 00:00:00",89,1,511,950
608,2,1,"11/01/24 00:00:00",109,1,243,600
609,2,1,"11/01/24 00:00:00",91,9,47,180
610,2,1,"11/01/24 00:00:00",114,1,0,350
611,2,1,"11/02/24 00:00:00",88,1,225,600
612,2,1,"11/02/24 00:00:00",61,1,310,750
613,2,1,"11/14/24 00:00:00",91,8,47,180
614,2,1,"11/19/24 00:00:00",77,2,41,50
615,2,1,"11/19/24 00:00:00",62,4,310,750
616,2,1,"11/19/24 00:00:00",135,1,0,600
617,2,1,"11/19/24 00:00:00",82,1,251,700
618,2,1,"11/19/24 00:00:00",43,2,250,700
619,2,1,"11/22/24 00:00:00",22,40,85,250
620,2,1,"11/22/24 00:00:00",135,2,0,600
621,2,1,"11/28/24 00:00:00",82,3,251,700
622,2,1,"11/28/24 00:00:00",91,9,47,180
623,2,1,"12/10/24 00:00:00",109,1,243,600
624,2,1,"12/11/24 00:00:00",77,1,41,50
625,2,1,"12/11/24 00:00:00",62,5,310,750
626,2,1,"12/17/24 00:00:00",61,1,310,750
627,2,1,"12/21/24 00:00:00",91,7,47,180
628,2,1,"12/26/24 00:00:00",4,4,252,750
629,2,1,"12/26/24 00:00:00",73,2,260,700
630,2,1,"12/26/24 00:00:00",10,3,0,650
631,2,1,"12/28/24 00:00:00",61,1,310,750
632,2,1,"12/28/24 00:00:00",91,6,47,180
633,2,1,"01/17/25 00:00:00",91,6,47,180
634,2,1,"01/30/25 00:00:00",91,6,47,180
635,2,1,"02/04/25 00:00:00",52,1,0,650
636,2,1,"02/07/25 00:00:00",87,1,491,950
637,2,1,"02/08/25 00:00:00",91,6,47,180
638,2,1,"02/08/25 00:00:00",87,1,491,950
639,2,1,"02/08/25 00:00:00",158,1,0,750
640,2,1,"02/21/25 00:00:00",162,2,0,750
641,2,1,"02/21/25 00:00:00",77,1,41,50
642,2,1,"02/21/25 00:00:00",158,1,0,750
643,2,1,"02/25/25 00:00:00",52,7,0,650
644,2,1,"03/07/25 00:00:00",110,1,162,600
645,2,1,"03/13/25 00:00:00",52,2,0,650
646,2,1,"04/26/25 00:00:00",52,2,0,650
647,2,1,"04/30/25 00:00:00",158,2,0,750
648,2,1,"04/30/25 00:00:00",163,2,0,700
649,2,1,"05/10/25 00:00:00",158,1,0,750
650,2,1,"06/28/25 00:00:00",163,1,0,700
651,2,1,"06/28/25 00:00:00",160,1,0,950
652,2,1,"07/09/25 00:00:00",160,1,0,950
653,2,1,"07/12/25 00:00:00",139,8,0,750
654,2,1,"07/12/25 00:00:00",52,2,0,650
655,7,1,"08/01/25 00:00:00",9,25,80,500
656,7,1,"08/01/25 00:00:00",121,11,0,600
657,7,1,"08/01/25 00:00:00",164,22,215,600
658,8,1,"08/14/25 00:00:00",64,24,212,1150
659,7,1,"08/16/25 00:00:00",182,6,0,600
660,7,1,"08/19/25 00:00:00",173,7,0,1250
661,7,1,"08/19/25 00:00:00",188,6,0,1150
662,7,1,"08/19/25 00:00:00",53,34,0,1000
663,7,1,"08/19/25 00:00:00",55,1,0,1500
664,2,1,"10/02/25 00:00:00",193,1,0,1300
665,2,1,"10/09/25 00:00:00",202,7,0,2000
666,2,1,"10/10/25 00:00:00",199,1,0,850
667,2,1,"10/11/25 00:00:00",198,1,0,750
668,2,1,"10/14/25 00:00:00",187,1,0,700
669,2,1,"10/14/25 00:00:00",191,2,0,500
670,2,1,"10/25/25 00:00:00",61,1,310,750
671,2,1,"10/25/25 00:00:00",111,34,0,850
672,2,1,"10/25/25 00:00:00",116,9,0,600
673,2,1,"11/01/25 00:00:00",187,1,0,700
674,2,1,"11/01/25 00:00:00",61,1,310,750
675,2,1,"11/04/25 00:00:00",196,1,0,1600
676,5,1,"11/08/25 00:00:00",1,48,200,650
677,2,1,"11/08/25 00:00:00",193,2,0,1700
678,2,1,"11/08/25 00:00:00",192,1,0,1500
679,2,1,"12/09/25 00:00:00",206,1,0,700
680,2,1,"12/16/25 00:00:00",210,1,0,1500
681,8,1,"12/18/25 00:00:00",192,22,0,1500
682,2,1,"12/18/25 00:00:00",186,3,0,750
683,2,1,"12/18/25 00:00:00",210,2,0,1500
684,2,1,"12/20/25 00:00:00",208,3,0,1150
685,2,1,"12/25/25 00:00:00",186,3,0,750
686,2,1,"12/25/25 00:00:00",206,1,0,700
687,2,1,"12/27/25 00:00:00",186,1,0,750
688,2,1,"12/27/25 00:00:00",214,1,0,1150
689,2,1,"12/30/25 00:00:00",159,3,0,700
690,2,1,"01/20/26 00:00:00",210,1,0,1500
691,2,1,"01/22/26 00:00:00",206,1,0,700
692,2,1,"01/24/26 00:00:00",208,1,0,1150
693,2,1,"01/28/26 00:00:00",214,1,0,1150
694,2,1,"01/28/26 00:00:00",194,1,0,1600
695,2,1,"02/06/26 00:00:00",206,1,0,700
696,2,1,"02/17/26 00:00:00",210,1,0,1500
697,8,2,"02/26/26 00:00:00",4,1,252,750
698,8,1,"02/26/26 00:00:00",20,1,200,450
699,8,1,"02/26/26 00:00:00",20,22,200,450
700,8,1,"02/26/26 00:00:00",49,21,250,500
701,8,1,"02/26/26 00:00:00",180,15,0,750
702,8,1,"02/26/26 00:00:00",104,18,0,1150
703,8,1,"02/26/26 00:00:00",212,11,0,700
704,8,1,"02/26/26 00:00:00",70,41,250,650
705,8,1,"02/26/26 00:00:00",139,3,0,750
706,8,1,"02/26/26 00:00:00",1,17,200,650
707,8,1,"02/26/26 00:00:00",183,4,0,650
708,8,1,"02/26/26 00:00:00",211,15,0,650
709,8,1,"02/26/26 00:00:00",189,2,0,750
710,8,1,"02/26/26 00:00:00",7,8,145,750
711,8,1,"02/26/26 00:00:00",221,8,0,600
712,8,1,"02/26/26 00:00:00",152,18,0,900
713,8,1,"02/26/26 00:00:00",34,9,0,600
714,8,1,"02/28/26 00:00:00",154,35,0,750
715,8,1,"02/28/26 00:00:00",110,151,162,600
716,2,1,"03/07/26 00:00:00",214,1,0,1150
717,8,1,"03/12/26 00:00:00",196,9,0,1600
718,8,1,"03/14/26 00:00:00",50,56,0,600
719,8,1,"03/14/26 00:00:00",125,160,0,500
720,8,2,"03/14/26 00:00:00",50,58,0,600
721,2,1,"03/28/26 00:00:00",206,2,0,950
722,1,1,"04/02/26 00:00:00",214,8,0,1150
723,2,1,"04/02/26 00:00:00",197,8,0,1100
724,2,1,"04/02/26 00:00:00",198,4,0,1050
725,2,1,"04/02/26 00:00:00",199,10,0,1150
726,2,1,"04/02/26 00:00:00",200,10,0,1150
727,2,1,"04/02/26 00:00:00",165,20,0,650
728,2,1,"04/02/26 00:00:00",149,1,0,500
729,2,1,"04/02/26 00:00:00",7,2,0,750
730,2,1,"04/02/26 00:00:00",66,15,290,750
731,2,1,"04/02/26 00:00:00",69,45,300,700
732,2,1,"04/02/26 00:00:00",141,4,0,700
733,2,1,"04/02/26 00:00:00",73,7,260,700
734,2,1,"04/02/26 00:00:00",43,19,250,700
735,2,1,"04/02/26 00:00:00",51,21,300,700
736,2,1,"04/02/26 00:00:00",215,7,470,950
737,2,1,"04/02/26 00:00:00",36,49,250,800
738,2,1,"04/02/26 00:00:00",37,65,250,800
739,2,1,"04/02/26 00:00:00",38,72,250,800
740,2,1,"04/02/26 00:00:00",44,22,180,600
741,2,1,"04/02/26 00:00:00",178,17,0,650
742,2,1,"04/02/26 00:00:00",202,1,0,2000
743,2,1,"04/02/26 00:00:00",166,16,0,600
744,2,1,"04/02/26 00:00:00",42,79,110,500
745,2,1,"04/02/26 00:00:00",16,28,100,600
746,2,1,"04/02/26 00:00:00",22,77,85,250
747,2,1,"04/04/26 00:00:00",61,43,310,750
748,2,1,"04/04/26 00:00:00",62,73,310,750
749,2,1,"04/04/26 00:00:00",80,2,300,600
750,2,1,"04/04/26 00:00:00",193,27,0,1700
751,2,1,"04/04/26 00:00:00",59,60,240,920
752,2,1,"04/04/26 00:00:00",58,28,288,1000
753,2,1,"04/04/26 00:00:00",57,35,212,880
754,2,1,"04/04/26 00:00:00",89,30,511,950
755,2,1,"04/04/26 00:00:00",13,14,135,750
756,2,1,"04/04/26 00:00:00",27,17,180,750
757,2,1,"04/04/26 00:00:00",84,2,536,950
758,2,1,"04/04/26 00:00:00",40,4,200,800
759,2,1,"04/04/26 00:00:00",41,10,200,800
760,2,1,"04/04/26 00:00:00",135,33,0,500
761,2,1,"04/04/26 00:00:00",91,47,47,180
762,2,1,"04/04/26 00:00:00",148,44,0,180
763,2,1,"04/04/26 00:00:00",150,1,0,1300
764,2,1,"04/04/26 00:00:00",86,50,349,700
765,2,1,"04/04/26 00:00:00",158,9,0,750
766,2,1,"04/04/26 00:00:00",160,1,0,950
767,2,1,"04/04/26 00:00:00",187,8,0,700
768,2,1,"04/04/26 00:00:00",109,6,243,600
769,2,1,"04/04/26 00:00:00",163,3,0,700
770,2,1,"04/08/26 00:00:00",210,2,0,1750
771,2,1,"04/09/26 00:00:00",214,1,0,1150
772,2,1,"04/09/26 00:00:00",208,1,0,1150
773,2,1,"04/11/26 00:00:00",206,4,0,950
774,2,1,"04/14/26 00:00:00",216,1,0,1600
775,2,1,"04/17/26 00:00:00",4,2,0,1150
776,2,2,"04/17/26 00:00:00",50,2,0,600
777,2,1,"04/17/26 00:00:00",214,2,0,1150
778,8,2,"04/17/26 00:00:00",50,45,0,600
779,2,1,"04/25/26 00:00:00",208,4,0,1150
780,2,1,"04/28/26 00:00:00",214,1,0,1150
781,4,1,"05/06/26 00:00:00",211,8,0,650
782,2,1,"05/22/26 00:00:00",196,1,0,1600
783,8,1,"05/26/26 00:00:00",50,34,0,600
784,2,1,"06/02/26 00:00:00",115,33,0,600
785,2,1,"06/02/26 00:00:00",103,1,0,600
786,2,1,"06/02/26 00:00:00",157,1,0,600
787,2,1,"06/02/26 00:00:00",157,4,0,600
788,2,1,"06/02/26 00:00:00",179,9,0,600
789,2,1,"06/02/26 00:00:00",94,16,0,700
790,2,1,"06/02/26 00:00:00",196,6,0,1600
791,2,1,"06/02/26 00:00:00",195,2,0,1600
792,2,1,"06/04/26 00:00:00",139,39,0,750
793,2,1,"06/04/26 00:00:00",184,24,0,700
794,2,1,"06/04/26 00:00:00",189,11,0,750
795,2,2,"06/04/26 00:00:00",4,71,0,1250
796,2,1,"06/04/26 00:00:00",216,4,0,1600
797,2,1,"06/04/26 00:00:00",217,5,0,1600
798,2,1,"06/04/26 00:00:00",223,25,0,1150
799,2,1,"06/04/26 00:00:00",206,42,0,1150
800,2,1,"06/04/26 00:00:00",208,8,0,1150
801,2,1,"06/04/26 00:00:00",214,4,0,1150
802,2,1,"06/04/26 00:00:00",10,8,0,650
803,2,1,"06/04/26 00:00:00",71,38,0,750
804,2,1,"06/04/26 00:00:00",72,50,0,750
805,2,1,"06/04/26 00:00:00",212,11,0,850
806,2,1,"06/04/26 00:00:00",137,68,0,50
807,2,1,"06/04/26 00:00:00",155,24,0,750
808,2,1,"06/04/26 00:00:00",222,2,0,900
809,2,1,"06/04/26 00:00:00",152,1,0,900
810,2,1,"06/11/26 00:00:00",206,1,0,1150
811,2,1,"06/13/26 00:00:00",216,1,0,1600
812,2,1,"06/19/26 00:00:00",223,1,0,1150
813,2,1,"06/30/26 00:00:00",208,1,0,1400
814,2,1,"06/30/26 00:00:00",10,1,0,650
815,2,1,"06/30/26 00:00:00",196,1,0,1950
816,2,1,"07/07/26 00:00:00",181,4,0,2200
