IdRecepcion,NoConsecutivo,IdAlmacen,Fecha,EntregadaPor,Inventariada,Nota,Exportada,Periodo,año
1,1,1,"04/11/23 00:00:00",1,1,,1,"4/2023",2023
2,2,1,"04/11/23 00:00:00",1,1,,1,"4/2023",2023
3,3,1,"04/11/23 00:00:00",1,1,,1,"4/2023",2023
4,4,1,"04/11/23 00:00:00",1,1,,1,"4/2023",2023
5,5,1,"04/11/23 00:00:00",1,1,,1,"4/2023",2023
6,6,2,"04/14/23 00:00:00",1,1,,1,"4/2023",2023
7,7,1,"04/18/23 00:00:00",1,1,,1,"4/2023",2023
8,8,1,"04/18/23 00:00:00",1,1,,1,"4/2023",2023
9,9,2,"04/19/23 00:00:00",1,1,,1,"4/2023",2023
10,10,1,"05/07/23 00:00:00",1,1,,1,"5/2023",2023
11,11,1,"05/07/23 00:00:00",1,1,,1,"5/2023",2023
12,12,1,"05/07/23 00:00:00",1,1,,1,"5/2023",2023
13,13,1,"05/16/23 00:00:00",1,1,,1,"5/2023",2023
14,14,1,"05/16/23 00:00:00",1,1,,1,"5/2023",2023
15,15,1,"05/16/23 00:00:00",1,1,,1,"5/2023",2023
16,16,2,"06/09/23 00:00:00",1,1,,1,"6/2023",2023
17,17,1,"06/13/23 00:00:00",1,1,,1,"6/2023",2023
18,18,1,"06/20/23 00:00:00",1,1,,1,"6/2023",2023
19,19,1,"06/24/23 00:00:00",1,1,,1,"6/2023",2023
20,20,1,"06/27/23 00:00:00",1,1,,1,"6/2023",2023
21,21,1,"06/27/23 00:00:00",1,1,,1,"6/2023",2023
22,22,1,"06/27/23 00:00:00",1,1,,1,"6/2023",2023
23,23,1,"07/07/23 00:00:00",1,1,,1,"7/2023",2023
24,24,1,"07/14/23 00:00:00",1,1,,1,"7/2023",2023
25,25,1,"07/20/23 00:00:00",1,1,,1,"7/2023",2023
26,26,1,"07/20/23 00:00:00",1,1,,1,"7/2023",2023
27,27,1,"07/25/23 00:00:00",1,1,,1,"7/2023",2023
28,28,1,"08/05/23 00:00:00",1,1,,1,"8/2023",2023
29,29,1,"08/05/23 00:00:00",1,1,,1,"8/2023",2023
30,30,1,"08/09/23 00:00:00",1,1,,1,"8/2023",2023
31,31,1,"08/01/23 00:00:00",1,1,,1,"8/2023",2023
32,32,1,"09/06/23 00:00:00",1,1,,1,"9/2023",2023
33,33,1,"09/06/23 00:00:00",1,1,,1,"9/2023",2023
34,34,1,"09/29/23 00:00:00",1,1,,1,"9/2023",2023
35,35,1,"10/19/23 00:00:00",1,1,,1,"10/2023",2023
37,36,1,"10/19/23 00:00:00",1,1,,1,"10/2023",2023
38,37,1,"10/19/23 00:00:00",1,1,,1,"10/2023",2023
39,38,1,"10/19/23 00:00:00",1,1,,1,"10/2023",2023
40,39,1,"10/19/23 00:00:00",1,1,,1,"10/2023",2023
41,40,1,"11/29/23 00:00:00",1,1,,1,"11/2023",2023
42,41,2,"12/07/23 00:00:00",1,1,,1,"12/2023",2023
43,42,1,"12/07/23 00:00:00",1,1,,1,"12/2023",2023
44,43,1,"12/07/23 00:00:00",1,1,,1,"12/2023",2023
45,44,1,"12/07/23 00:00:00",1,1,,1,"12/2023",2023
46,45,1,"12/20/23 00:00:00",1,1,,1,"12/2023",2023
47,1,1,"01/27/24 00:00:00",1,1,,1,"1/2024",2024
48,2,1,"01/27/24 00:00:00",1,1,,1,"1/2024",2024
49,3,1,"01/27/24 00:00:00",1,1,,1,"1/2024",2024
50,4,1,"02/08/24 00:00:00",1,1,,1,"2/2024",2024
51,5,1,"02/10/24 00:00:00",1,1,,1,"2/2024",2024
52,6,1,"02/10/24 00:00:00",1,1,,1,"2/2024",2024
53,7,1,"02/13/24 00:00:00",1,1,,1,"2/2024",2024
54,8,1,"03/01/24 00:00:00",1,1,,1,"3/2024",2024
55,9,1,"03/01/24 00:00:00",1,1,,1,"3/2024",2024
56,10,1,"03/01/24 00:00:00",1,1,,1,"3/2024",2024
57,11,1,"03/01/24 00:00:00",1,1,,1,"3/2024",2024
58,12,1,"03/12/24 00:00:00",1,1,,1,"3/2024",2024
59,13,1,"03/12/24 00:00:00",1,1,,1,"3/2024",2024
60,14,1,"03/27/24 00:00:00",1,1,,1,"3/2024",2024
61,15,1,"03/27/24 00:00:00",1,1,,1,"3/2024",2024
62,16,1,"03/27/24 00:00:00",1,1,,1,"3/2024",2024
63,17,1,"04/11/24 00:00:00",1,1,,1,"4/2024",2024
64,18,1,"04/13/24 00:00:00",1,1,,1,"4/2024",2024
65,19,1,"04/20/24 00:00:00",1,1,,1,"4/2024",2024
66,20,1,"04/20/24 00:00:00",1,1,,1,"4/2024",2024
67,21,1,"04/24/24 00:00:00",1,1,,1,"4/2024",2024
68,22,1,"04/30/24 00:00:00",1,1,,1,"4/2024",2024
69,23,2,"05/02/24 00:00:00",1,1,,1,"5/2024",2024
71,24,1,"05/04/24 00:00:00",1,1,,1,"5/2024",2024
72,25,1,"05/13/24 00:00:00",1,1,,1,"5/2024",2024
73,26,2,"05/14/24 00:00:00",1,1,,1,"5/2024",2024
74,27,1,"05/14/24 00:00:00",1,1,,1,"5/2024",2024
75,28,1,"05/14/24 00:00:00",1,1,,1,"5/2024",2024
76,29,1,"05/14/24 00:00:00",1,1,,1,"5/2024",2024
77,30,1,"05/14/24 00:00:00",1,1,,1,"5/2024",2024
78,31,1,"05/14/24 00:00:00",1,1,,1,"5/2024",2024
79,32,1,"05/14/24 00:00:00",1,1,,1,"5/2024",2024
80,33,1,"05/14/24 00:00:00",1,1,,1,"5/2024",2024
81,34,1,"05/14/24 00:00:00",1,1,,1,"5/2024",2024
82,35,1,"05/14/24 00:00:00",1,1,,1,"5/2024",2024
83,36,1,"05/14/24 00:00:00",1,1,,1,"5/2024",2024
84,37,1,"05/14/24 00:00:00",1,1,,1,"5/2024",2024
85,38,1,"05/14/24 00:00:00",1,1,,1,"5/2024",2024
86,39,1,"05/14/24 00:00:00",1,1,,1,"5/2024",2024
87,40,1,"05/14/24 00:00:00",1,1,,1,"5/2024",2024
88,41,1,"05/14/24 00:00:00",1,1,,1,"5/2024",2024
89,42,1,"05/15/24 00:00:00",1,1,,1,"5/2024",2024
90,43,1,"05/15/24 00:00:00",1,1,,1,"5/2024",2024
91,44,1,"05/15/24 00:00:00",1,1,,1,"5/2024",2024
92,45,1,"05/15/24 00:00:00",1,1,,1,"5/2024",2024
93,46,1,"05/15/24 00:00:00",1,1,,1,"5/2024",2024
94,47,1,"05/15/24 00:00:00",1,1,,1,"5/2024",2024
95,48,1,"05/15/24 00:00:00",1,1,,1,"5/2024",2024
96,49,1,"05/15/24 00:00:00",1,1,,1,"5/2024",2024
97,50,1,"05/21/24 00:00:00",1,1,,1,"5/2024",2024
98,51,1,"05/22/24 00:00:00",1,1,,1,"5/2024",2024
99,52,1,"05/22/24 00:00:00",1,1,,1,"5/2024",2024
100,53,1,"05/22/24 00:00:00",1,1,,1,"5/2024",2024
101,54,1,"05/23/24 00:00:00",1,1,,1,"5/2024",2024
102,55,1,"05/23/24 00:00:00",1,1,,1,"5/2024",2024
103,56,1,"05/29/24 00:00:00",1,1,,1,"5/2024",2024
104,57,1,"05/30/24 00:00:00",1,1,,1,"5/2024",2024
105,58,1,"05/31/24 00:00:00",1,1,,1,"5/2024",2024
106,59,1,"05/31/24 00:00:00",1,1,,1,"5/2024",2024
107,60,1,"06/01/24 00:00:00",1,1,,1,"6/2024",2024
108,61,1,"06/01/24 00:00:00",1,1,,1,"6/2024",2024
109,62,1,"06/04/24 00:00:00",1,1,,1,"6/2024",2024
110,63,1,"06/04/24 00:00:00",1,1,,1,"6/2024",2024
111,64,1,"06/05/24 00:00:00",1,1,,1,"6/2024",2024
112,65,1,"06/05/24 00:00:00",1,1,,1,"6/2024",2024
113,66,1,"06/05/24 00:00:00",1,1,,1,"6/2024",2024
114,67,1,"06/06/24 00:00:00",1,1,,1,"6/2024",2024
115,68,1,"06/13/24 00:00:00",1,1,,1,"6/2024",2024
116,69,1,"06/18/24 00:00:00",1,1,,1,"6/2024",2024
117,70,1,"06/20/24 00:00:00",1,1,,1,"6/2024",2024
118,71,1,"06/22/24 00:00:00",1,1,,1,"6/2024",2024
119,72,1,"06/22/24 00:00:00",1,1,,1,"6/2024",2024
120,73,1,"07/02/24 00:00:00",1,1,,1,"7/2024",2024
121,74,1,"07/02/24 00:00:00",1,1,,1,"7/2024",2024
122,75,1,"07/02/24 00:00:00",1,1,,1,"7/2024",2024
123,76,1,"07/02/24 00:00:00",1,1,,1,"7/2024",2024
124,77,1,"07/05/24 00:00:00",1,1,,1,"7/2024",2024
125,78,1,"07/05/24 00:00:00",1,1,,1,"7/2024",2024
126,79,1,"07/06/24 00:00:00",1,1,,1,"7/2024",2024
127,80,1,"07/09/24 00:00:00",1,1,,1,"7/2024",2024
128,81,1,"07/11/24 00:00:00",1,1,,1,"7/2024",2024
129,82,1,"07/12/24 00:00:00",1,1,,1,"7/2024",2024
130,83,1,"07/17/24 00:00:00",1,1,,1,"7/2024",2024
131,84,1,"07/17/24 00:00:00",1,1,,1,"7/2024",2024
132,85,1,"07/17/24 00:00:00",1,1,,1,"7/2024",2024
133,86,1,"07/17/24 00:00:00",1,1,,1,"7/2024",2024
134,87,1,"07/17/24 00:00:00",1,1,,1,"7/2024",2024
135,88,1,"07/20/24 00:00:00",1,1,,1,"7/2024",2024
136,89,1,"07/20/24 00:00:00",1,1,,1,"7/2024",2024
137,90,1,"07/23/24 00:00:00",1,1,,1,"7/2024",2024
138,91,1,"07/25/24 00:00:00",1,1,,1,"7/2024",2024
139,92,1,"07/27/24 00:00:00",1,1,,1,"7/2024",2024
140,93,1,"07/27/24 00:00:00",1,1,,1,"7/2024",2024
141,94,1,"07/30/24 00:00:00",1,1,,1,"7/2024",2024
142,95,1,"08/02/24 00:00:00",1,1,,1,"8/2024",2024
143,96,1,"08/02/24 00:00:00",1,1,,1,"8/2024",2024
144,97,1,"08/02/24 00:00:00",1,1,,1,"8/2024",2024
145,98,1,"08/03/24 00:00:00",1,1,,1,"8/2024",2024
146,99,1,"08/06/24 00:00:00",1,1,,1,"8/2024",2024
147,100,1,"08/09/24 00:00:00",1,1,,1,"8/2024",2024
148,101,1,"08/09/24 00:00:00",1,1,,1,"8/2024",2024
149,102,1,"08/09/24 00:00:00",1,1,,1,"8/2024",2024
150,103,1,"08/15/24 00:00:00",1,1,,1,"8/2024",2024
151,104,1,"08/15/24 00:00:00",1,1,,1,"8/2024",2024
152,105,1,"08/15/24 00:00:00",1,1,,1,"8/2024",2024
153,106,1,"08/15/24 00:00:00",1,1,,1,"8/2024",2024
154,107,1,"08/15/24 00:00:00",1,1,,1,"8/2024",2024
155,108,1,"08/17/24 00:00:00",1,1,,1,"8/2024",2024
156,109,1,"08/17/24 00:00:00",1,1,,1,"8/2024",2024
157,110,1,"08/17/24 00:00:00",1,1,,1,"8/2024",2024
158,111,1,"08/20/24 00:00:00",1,1,,1,"8/2024",2024
159,112,1,"08/20/24 00:00:00",1,1,,1,"8/2024",2024
160,113,1,"08/20/24 00:00:00",1,1,,1,"8/2024",2024
161,114,1,"08/21/24 00:00:00",1,1,,1,"8/2024",2024
162,115,1,"08/22/24 00:00:00",1,1,,1,"8/2024",2024
163,116,1,"08/24/24 00:00:00",1,1,,1,"8/2024",2024
164,117,1,"08/28/24 00:00:00",1,1,,1,"8/2024",2024
165,118,1,"08/28/24 00:00:00",1,1,,1,"8/2024",2024
166,119,1,"08/28/24 00:00:00",1,1,,1,"8/2024",2024
167,120,1,"08/28/24 00:00:00",1,1,,1,"8/2024",2024
168,121,1,"08/29/24 00:00:00",1,1,,1,"8/2024",2024
169,122,1,"08/30/24 00:00:00",1,1,,1,"8/2024",2024
170,123,1,"09/04/24 00:00:00",1,1,,1,"9/2024",2024
171,124,1,"09/05/24 00:00:00",1,1,,1,"9/2024",2024
172,125,1,"09/06/24 00:00:00",1,1,,1,"9/2024",2024
173,126,1,"09/06/24 00:00:00",1,1,,1,"9/2024",2024
174,127,1,"09/07/24 00:00:00",1,1,,1,"9/2024",2024
175,128,1,"09/07/24 00:00:00",1,1,,1,"9/2024",2024
176,129,1,"09/07/24 00:00:00",1,1,,1,"9/2024",2024
177,130,1,"09/07/24 00:00:00",1,1,,1,"9/2024",2024
178,131,1,"09/10/24 00:00:00",1,1,,1,"9/2024",2024
179,132,1,"09/18/24 00:00:00",1,1,,1,"9/2024",2024
180,133,1,"09/19/24 00:00:00",1,1,,1,"9/2024",2024
181,134,1,"09/20/24 00:00:00",1,1,,1,"9/2024",2024
182,135,1,"09/20/24 00:00:00",1,1,,1,"9/2024",2024
183,136,1,"09/20/24 00:00:00",1,1,,1,"9/2024",2024
184,137,1,"09/21/24 00:00:00",1,1,,1,"9/2024",2024
185,138,1,"09/21/24 00:00:00",1,1,,1,"9/2024",2024
186,139,1,"09/24/24 00:00:00",1,1,,1,"9/2024",2024
187,140,1,"09/26/24 00:00:00",1,1,,1,"9/2024",2024
188,141,1,"09/26/24 00:00:00",1,1,,1,"9/2024",2024
189,142,1,"09/26/24 00:00:00",1,1,,1,"9/2024",2024
190,143,1,"09/27/24 00:00:00",1,1,,1,"9/2024",2024
191,144,1,"09/28/24 00:00:00",1,1,,1,"9/2024",2024
192,145,1,"09/28/24 00:00:00",1,1,,1,"9/2024",2024
193,146,1,"10/02/24 00:00:00",1,1,,1,"10/2024",2024
194,147,1,"10/02/24 00:00:00",1,1,,1,"10/2024",2024
195,148,1,"10/02/24 00:00:00",1,1,,1,"10/2024",2024
196,149,1,"10/02/24 00:00:00",1,1,,1,"10/2024",2024
197,150,1,"10/03/24 00:00:00",1,1,,1,"10/2024",2024
198,151,1,"10/04/24 00:00:00",1,1,,1,"10/2024",2024
199,152,1,"10/05/24 00:00:00",1,1,,1,"10/2024",2024
200,153,1,"10/05/24 00:00:00",1,1,,1,"10/2024",2024
201,154,1,"10/11/24 00:00:00",1,1,,1,"10/2024",2024
202,155,1,"10/11/24 00:00:00",1,1,,1,"10/2024",2024
203,156,1,"10/15/24 00:00:00",1,1,,1,"10/2024",2024
204,157,1,"10/16/24 00:00:00",1,1,,1,"10/2024",2024
205,158,1,"10/17/24 00:00:00",1,1,,1,"10/2024",2024
206,159,1,"10/18/24 00:00:00",1,1,,1,"10/2024",2024
207,160,1,"10/18/24 00:00:00",1,1,,1,"10/2024",2024
208,161,1,"10/23/24 00:00:00",1,1,,1,"10/2024",2024
209,162,1,"10/24/24 00:00:00",1,1,,1,"10/2024",2024
210,163,1,"10/25/24 00:00:00",1,1,,1,"10/2024",2024
211,164,1,"10/25/24 00:00:00",1,1,,1,"10/2024",2024
212,165,1,"10/25/24 00:00:00",1,1,,1,"10/2024",2024
213,166,1,"10/26/24 00:00:00",1,1,,1,"10/2024",2024
214,167,1,"10/26/24 00:00:00",1,1,,1,"10/2024",2024
215,168,1,"10/30/24 00:00:00",1,1,,1,"10/2024",2024
216,169,1,"10/30/24 00:00:00",1,1,,1,"10/2024",2024
217,170,1,"10/30/24 00:00:00",1,1,,1,"10/2024",2024
218,171,1,"11/05/24 00:00:00",1,1,,1,"11/2024",2024
219,172,1,"11/05/24 00:00:00",1,1,,1,"11/2024",2024
220,173,1,"11/08/24 00:00:00",1,1,,1,"11/2024",2024
221,174,1,"11/12/24 00:00:00",1,1,,1,"11/2024",2024
222,175,1,"11/12/24 00:00:00",1,1,,1,"11/2024",2024
223,176,1,"11/12/24 00:00:00",1,1,,1,"11/2024",2024
224,177,1,"11/13/24 00:00:00",1,1,,1,"11/2024",2024
225,178,1,"11/14/24 00:00:00",1,1,,1,"11/2024",2024
226,179,1,"11/15/24 00:00:00",1,1,,1,"11/2024",2024
227,180,1,"11/15/24 00:00:00",1,1,,1,"11/2024",2024
228,181,1,"11/16/24 00:00:00",1,1,,1,"11/2024",2024
229,182,1,"11/19/24 00:00:00",1,1,,1,"11/2024",2024
230,183,1,"11/20/24 00:00:00",1,1,,1,"11/2024",2024
231,184,1,"11/21/24 00:00:00",1,1,,1,"11/2024",2024
232,185,1,"11/22/24 00:00:00",1,1,,1,"11/2024",2024
233,186,1,"11/23/24 00:00:00",1,1,,1,"11/2024",2024
234,187,1,"11/23/24 00:00:00",1,1,,1,"11/2024",2024
235,188,1,"11/23/24 00:00:00",1,1,,1,"11/2024",2024
236,189,1,"11/26/24 00:00:00",1,1,,1,"11/2024",2024
237,190,1,"11/26/24 00:00:00",1,1,,1,"11/2024",2024
238,191,1,"11/26/24 00:00:00",1,1,,1,"11/2024",2024
239,192,1,"11/27/24 00:00:00",1,1,,1,"11/2024",2024
240,193,1,"11/30/24 00:00:00",1,1,,1,"11/2024",2024
241,194,1,"12/03/24 00:00:00",1,1,,1,"12/2024",2024
242,195,1,"12/04/24 00:00:00",1,1,,1,"12/2024",2024
243,196,1,"12/04/24 00:00:00",1,1,,1,"12/2024",2024
244,197,1,"12/05/24 00:00:00",1,1,,1,"12/2024",2024
245,198,1,"12/07/24 00:00:00",1,1,,1,"12/2024",2024
246,199,1,"12/07/24 00:00:00",1,1,,1,"12/2024",2024
247,200,1,"12/07/24 00:00:00",1,1,,1,"12/2024",2024
248,201,1,"12/07/24 00:00:00",1,1,,1,"12/2024",2024
249,202,1,"12/07/24 00:00:00",1,1,,1,"12/2024",2024
250,203,1,"12/07/24 00:00:00",1,1,,1,"12/2024",2024
251,204,1,"12/10/24 00:00:00",1,1,,1,"12/2024",2024
252,205,1,"12/10/24 00:00:00",1,1,,1,"12/2024",2024
253,206,1,"12/11/24 00:00:00",1,1,,1,"12/2024",2024
254,207,1,"12/11/24 00:00:00",1,1,,1,"12/2024",2024
255,208,1,"12/11/24 00:00:00",1,1,,1,"12/2024",2024
256,209,1,"12/12/24 00:00:00",1,1,,1,"12/2024",2024
257,210,1,"12/13/24 00:00:00",1,1,,1,"12/2024",2024
258,211,1,"12/14/24 00:00:00",1,1,,1,"12/2024",2024
259,212,1,"12/14/24 00:00:00",1,1,,1,"12/2024",2024
260,213,1,"12/18/24 00:00:00",1,1,,1,"12/2024",2024
261,214,1,"12/21/24 00:00:00",1,1,,1,"12/2024",2024
262,215,1,"12/21/24 00:00:00",1,1,,1,"12/2024",2024
263,216,1,"12/24/24 00:00:00",1,1,,1,"12/2024",2024
264,217,1,"12/24/24 00:00:00",1,1,,1,"12/2024",2024
265,218,1,"12/26/24 00:00:00",1,1,,1,"12/2024",2024
266,219,1,"12/26/24 00:00:00",1,1,,1,"12/2024",2024
267,220,1,"12/26/24 00:00:00",1,1,,1,"12/2024",2024
268,221,1,"12/27/24 00:00:00",1,1,,1,"12/2024",2024
269,222,1,"12/27/24 00:00:00",1,1,,1,"12/2024",2024
270,1,1,"01/07/25 00:00:00",1,1,,1,"1/2025",2025
271,2,1,"01/08/25 00:00:00",1,1,,1,"1/2025",2025
272,3,1,"01/08/25 00:00:00",1,1,,1,"1/2025",2025
273,4,1,"01/09/25 00:00:00",1,1,,1,"1/2025",2025
274,5,1,"01/11/25 00:00:00",1,1,,1,"1/2025",2025
275,6,1,"01/11/25 00:00:00",1,1,,1,"1/2025",2025
276,7,1,"01/16/25 00:00:00",1,1,,1,"1/2025",2025
277,8,1,"01/16/25 00:00:00",1,1,,1,"1/2025",2025
278,9,1,"01/17/25 00:00:00",1,1,,1,"1/2025",2025
279,10,1,"01/18/25 00:00:00",1,1,,1,"1/2025",2025
280,11,1,"01/18/25 00:00:00",1,1,,1,"1/2025",2025
281,12,1,"01/18/25 00:00:00",1,1,,1,"1/2025",2025
282,13,1,"01/22/25 00:00:00",1,1,,1,"1/2025",2025
283,14,1,"01/23/25 00:00:00",1,1,,1,"1/2025",2025
284,15,1,"01/25/25 00:00:00",1,1,,1,"1/2025",2025
285,16,1,"01/25/25 00:00:00",1,1,,1,"1/2025",2025
286,17,1,"01/30/25 00:00:00",1,1,,1,"1/2025",2025
287,18,1,"02/01/25 00:00:00",1,1,,1,"2/2025",2025
288,19,1,"02/01/25 00:00:00",1,1,,1,"2/2025",2025
289,20,1,"02/05/25 00:00:00",1,1,,1,"2/2025",2025
290,21,1,"02/08/25 00:00:00",1,1,,1,"2/2025",2025
291,22,1,"02/08/25 00:00:00",1,1,,1,"2/2025",2025
292,23,1,"02/11/25 00:00:00",1,0,,1,"2/2025",2025
293,24,1,"02/11/25 00:00:00",1,1,,1,"2/2025",2025
294,25,1,"02/11/25 00:00:00",1,1,,1,"2/2025",2025
295,26,1,"02/12/25 00:00:00",1,1,,1,"2/2025",2025
296,27,1,"02/12/25 00:00:00",1,1,,1,"2/2025",2025
297,28,1,"02/12/25 00:00:00",1,1,,1,"2/2025",2025
298,29,1,"02/13/25 00:00:00",1,1,,1,"2/2025",2025
299,30,1,"02/15/25 00:00:00",1,1,,1,"2/2025",2025
300,31,1,"02/20/25 00:00:00",1,1,,1,"2/2025",2025
301,32,1,"02/25/25 00:00:00",1,1,,1,"2/2025",2025
302,33,1,"02/26/25 00:00:00",1,1,,1,"2/2025",2025
303,34,1,"02/26/25 00:00:00",1,1,,1,"2/2025",2025
304,35,1,"02/27/25 00:00:00",1,1,,1,"2/2025",2025
305,36,1,"03/01/25 00:00:00",1,1,,1,"3/2025",2025
306,37,1,"03/04/25 00:00:00",1,1,,1,"3/2025",2025
307,38,1,"03/05/25 00:00:00",1,1,,1,"3/2025",2025
308,39,1,"03/07/25 00:00:00",1,1,,1,"3/2025",2025
309,40,1,"03/11/25 00:00:00",1,1,,1,"3/2025",2025
310,41,1,"03/11/25 00:00:00",1,1,,1,"3/2025",2025
311,42,1,"03/12/25 00:00:00",1,1,,1,"3/2025",2025
312,43,1,"03/13/25 00:00:00",1,1,,1,"3/2025",2025
313,44,1,"03/14/25 00:00:00",1,1,,1,"3/2025",2025
314,45,1,"03/14/25 00:00:00",1,1,,1,"3/2025",2025
315,46,1,"03/18/25 00:00:00",1,1,,1,"3/2025",2025
316,47,1,"03/20/25 00:00:00",1,1,,1,"3/2025",2025
317,48,1,"03/21/25 00:00:00",1,1,,1,"3/2025",2025
318,49,1,"03/22/25 00:00:00",1,1,,1,"3/2025",2025
319,50,1,"03/25/25 00:00:00",1,1,,1,"3/2025",2025
320,51,1,"03/25/25 00:00:00",1,1,,1,"3/2025",2025
321,52,1,"03/28/25 00:00:00",1,1,,1,"3/2025",2025
322,53,1,"03/29/25 00:00:00",1,1,,1,"3/2025",2025
323,54,1,"04/01/25 00:00:00",1,1,,1,"4/2025",2025
324,55,1,"04/01/25 00:00:00",1,1,,1,"4/2025",2025
325,56,1,"04/02/25 00:00:00",1,1,,1,"4/2025",2025
326,57,1,"04/04/25 00:00:00",1,1,,1,"4/2025",2025
327,58,1,"04/05/25 00:00:00",1,1,,1,"4/2025",2025
328,59,1,"04/05/25 00:00:00",1,0,,1,"4/2025",2025
329,60,1,"04/05/25 00:00:00",1,1,,1,"4/2025",2025
330,61,1,"04/08/25 00:00:00",1,1,,1,"4/2025",2025
331,62,1,"04/09/25 00:00:00",1,1,,1,"4/2025",2025
332,63,1,"04/11/25 00:00:00",1,1,,1,"4/2025",2025
333,64,1,"04/17/25 00:00:00",1,1,,1,"4/2025",2025
334,65,1,"04/19/25 00:00:00",1,1,,1,"4/2025",2025
335,66,1,"04/19/25 00:00:00",1,1,,1,"4/2025",2025
336,67,1,"04/19/25 00:00:00",1,1,,1,"4/2025",2025
337,68,1,"04/22/25 00:00:00",1,1,,1,"4/2025",2025
338,69,1,"04/22/25 00:00:00",1,1,,1,"4/2025",2025
339,70,1,"04/23/25 00:00:00",1,1,,1,"4/2025",2025
340,71,1,"04/25/25 00:00:00",1,1,,1,"4/2025",2025
341,72,1,"04/25/25 00:00:00",1,1,,1,"4/2025",2025
342,73,1,"04/25/25 00:00:00",1,1,,1,"4/2025",2025
343,74,1,"04/25/25 00:00:00",1,1,,1,"4/2025",2025
344,75,1,"04/25/25 00:00:00",1,1,,1,"4/2025",2025
345,76,1,"04/26/25 00:00:00",1,1,,1,"4/2025",2025
346,77,1,"04/29/25 00:00:00",1,1,,1,"4/2025",2025
347,78,1,"05/01/25 00:00:00",1,1,,1,"5/2025",2025
348,79,1,"05/08/25 00:00:00",1,1,,1,"5/2025",2025
349,80,1,"05/09/25 00:00:00",1,1,,1,"5/2025",2025
350,81,1,"05/09/25 00:00:00",1,1,,1,"5/2025",2025
351,82,1,"05/14/25 00:00:00",1,1,,1,"5/2025",2025
352,83,1,"05/15/25 00:00:00",1,1,,1,"5/2025",2025
353,84,1,"05/17/25 00:00:00",1,1,,1,"5/2025",2025
354,85,1,"05/17/25 00:00:00",1,1,,1,"5/2025",2025
355,86,1,"05/21/25 00:00:00",1,1,,1,"5/2025",2025
356,87,1,"05/21/25 00:00:00",1,1,,1,"5/2025",2025
357,88,1,"05/21/25 00:00:00",1,1,,1,"5/2025",2025
358,89,1,"05/21/25 00:00:00",1,1,,1,"5/2025",2025
359,90,1,"05/22/25 00:00:00",1,1,,1,"5/2025",2025
360,91,1,"05/23/25 00:00:00",1,1,,1,"5/2025",2025
361,92,1,"05/24/25 00:00:00",1,1,,1,"5/2025",2025
362,93,1,"05/28/25 00:00:00",1,1,,1,"5/2025",2025
363,94,1,"05/29/25 00:00:00",1,1,,1,"5/2025",2025
364,95,1,"05/29/25 00:00:00",1,1,,1,"5/2025",2025
365,96,1,"05/29/25 00:00:00",1,1,,1,"5/2025",2025
366,97,1,"05/29/25 00:00:00",1,1,,1,"5/2025",2025
367,98,1,"05/30/25 00:00:00",1,1,,1,"5/2025",2025
368,99,1,"05/31/25 00:00:00",1,1,,1,"5/2025",2025
369,100,1,"06/03/25 00:00:00",1,1,,1,"6/2025",2025
370,101,1,"06/06/25 00:00:00",1,1,,1,"6/2025",2025
371,102,1,"06/07/25 00:00:00",1,1,,1,"6/2025",2025
372,103,1,"06/11/25 00:00:00",1,1,,1,"6/2025",2025
373,104,1,"06/13/25 00:00:00",1,1,,1,"6/2025",2025
374,105,1,"06/14/25 00:00:00",1,1,,1,"6/2025",2025
375,106,1,"06/17/25 00:00:00",1,1,,1,"6/2025",2025
376,107,1,"06/18/25 00:00:00",1,1,,1,"6/2025",2025
377,108,1,"06/18/25 00:00:00",1,1,,1,"6/2025",2025
378,109,1,"06/19/25 00:00:00",1,1,,1,"6/2025",2025
379,110,1,"06/19/25 00:00:00",1,1,,1,"6/2025",2025
380,111,1,"06/21/25 00:00:00",1,1,,1,"6/2025",2025
381,112,1,"06/24/25 00:00:00",1,1,,1,"6/2025",2025
382,113,1,"06/25/25 00:00:00",1,1,,1,"6/2025",2025
383,114,1,"06/26/25 00:00:00",1,1,,1,"6/2025",2025
384,115,1,"07/01/25 00:00:00",1,1,,1,"7/2025",2025
385,116,1,"07/02/25 00:00:00",1,1,,1,"7/2025",2025
386,117,1,"07/02/25 00:00:00",1,1,,1,"7/2025",2025
387,118,1,"07/05/25 00:00:00",1,1,,1,"7/2025",2025
388,119,1,"07/08/25 00:00:00",1,1,,1,"7/2025",2025
389,120,2,"07/09/25 00:00:00",1,1,,1,"7/2025",2025
390,121,1,"07/09/25 00:00:00",1,1,,1,"7/2025",2025
391,122,1,"07/09/25 00:00:00",1,1,,1,"7/2025",2025
392,123,1,"07/11/25 00:00:00",1,1,,1,"7/2025",2025
393,124,1,"07/12/25 00:00:00",1,1,,1,"7/2025",2025
394,125,1,"07/12/25 00:00:00",1,1,,1,"7/2025",2025
395,126,1,"07/18/25 00:00:00",1,1,,1,"7/2025",2025
396,127,1,"07/18/25 00:00:00",1,1,,1,"7/2025",2025
397,128,1,"07/19/25 00:00:00",1,1,,1,"7/2025",2025
398,129,1,"07/22/25 00:00:00",1,1,,1,"7/2025",2025
399,130,1,"07/23/25 00:00:00",1,1,,1,"7/2025",2025
400,131,1,"07/25/25 00:00:00",1,1,,1,"7/2025",2025
401,132,1,"07/29/25 00:00:00",1,1,,1,"7/2025",2025
402,133,1,"07/29/25 00:00:00",1,1,,1,"7/2025",2025
403,134,1,"08/01/25 00:00:00",1,1,,1,"8/2025",2025
404,135,1,"08/01/25 00:00:00",1,1,,1,"8/2025",2025
405,136,1,"08/01/25 00:00:00",1,1,,1,"8/2025",2025
406,137,1,"08/01/25 00:00:00",1,1,,1,"8/2025",2025
407,138,1,"08/01/25 00:00:00",1,1,,1,"8/2025",2025
408,139,1,"08/02/25 00:00:00",1,1,,1,"8/2025",2025
409,140,1,"08/02/25 00:00:00",1,1,,1,"8/2025",2025
410,141,1,"08/05/25 00:00:00",1,0,,1,"8/2025",2025
411,142,1,"08/05/25 00:00:00",1,1,,1,"8/2025",2025
412,143,1,"08/05/25 00:00:00",1,0,,1,"8/2025",2025
413,144,1,"08/07/25 00:00:00",1,1,,1,"8/2025",2025
414,145,1,"08/07/25 00:00:00",1,1,,1,"8/2025",2025
415,146,1,"08/07/25 00:00:00",1,1,,1,"8/2025",2025
416,147,1,"08/08/25 00:00:00",1,1,,1,"8/2025",2025
417,148,1,"08/08/25 00:00:00",1,1,,1,"8/2025",2025
418,149,1,"08/08/25 00:00:00",1,1,,1,"8/2025",2025
419,150,1,"08/09/25 00:00:00",1,1,,1,"8/2025",2025
420,151,1,"08/09/25 00:00:00",1,1,,1,"8/2025",2025
421,152,1,"08/12/25 00:00:00",1,1,,1,"8/2025",2025
422,153,1,"08/14/25 00:00:00",1,1,,1,"8/2025",2025
423,154,1,"08/14/25 00:00:00",1,1,,1,"8/2025",2025
424,155,1,"08/14/25 00:00:00",1,1,,1,"8/2025",2025
425,156,1,"08/14/25 00:00:00",1,1,,1,"8/2025",2025
426,157,1,"08/14/25 00:00:00",1,1,,1,"8/2025",2025
427,158,1,"08/14/25 00:00:00",1,1,,1,"8/2025",2025
428,159,1,"08/15/25 00:00:00",1,1,,1,"8/2025",2025
429,160,1,"08/15/25 00:00:00",1,1,,1,"8/2025",2025
430,161,1,"08/16/25 00:00:00",1,1,,1,"8/2025",2025
431,162,1,"08/19/25 00:00:00",1,1,,1,"8/2025",2025
432,163,1,"08/19/25 00:00:00",1,1,,1,"8/2025",2025
433,164,1,"08/19/25 00:00:00",1,1,,1,"8/2025",2025
434,165,1,"08/19/25 00:00:00",1,1,,1,"8/2025",2025
435,166,1,"08/19/25 00:00:00",1,1,,1,"8/2025",2025
436,167,1,"08/19/25 00:00:00",1,1,,1,"8/2025",2025
437,168,1,"08/20/25 00:00:00",1,1,,1,"8/2025",2025
438,169,1,"08/20/25 00:00:00",1,1,,1,"8/2025",2025
439,170,1,"08/21/25 00:00:00",1,1,,1,"8/2025",2025
440,171,1,"08/22/25 00:00:00",1,1,,1,"8/2025",2025
441,172,1,"08/23/25 00:00:00",1,1,,1,"8/2025",2025
442,173,1,"08/23/25 00:00:00",1,1,,1,"8/2025",2025
443,174,1,"08/26/25 00:00:00",1,1,,1,"8/2025",2025
444,175,1,"08/26/25 00:00:00",1,1,,1,"8/2025",2025
445,176,1,"08/26/25 00:00:00",1,1,,1,"8/2025",2025
446,177,1,"08/26/25 00:00:00",1,1,,1,"8/2025",2025
447,178,1,"08/26/25 00:00:00",1,1,,1,"8/2025",2025
448,179,1,"08/26/25 00:00:00",1,1,,1,"8/2025",2025
449,180,1,"08/26/25 00:00:00",1,1,,1,"8/2025",2025
450,181,1,"08/26/25 00:00:00",1,1,,1,"8/2025",2025
451,182,1,"08/26/25 00:00:00",1,1,,1,"8/2025",2025
452,183,1,"08/26/25 00:00:00",1,1,,1,"8/2025",2025
453,184,1,"08/26/25 00:00:00",1,1,,1,"8/2025",2025
454,185,1,"08/26/25 00:00:00",1,1,,1,"8/2025",2025
455,186,1,"08/27/25 00:00:00",1,1,,1,"8/2025",2025
456,187,1,"08/27/25 00:00:00",1,1,,1,"8/2025",2025
457,188,1,"08/27/25 00:00:00",1,1,,1,"8/2025",2025
458,189,1,"08/27/25 00:00:00",1,1,,1,"8/2025",2025
459,190,1,"08/28/25 00:00:00",1,1,,1,"8/2025",2025
460,191,1,"08/28/25 00:00:00",1,1,,1,"8/2025",2025
461,192,1,"08/29/25 00:00:00",1,1,,1,"8/2025",2025
462,193,1,"08/29/25 00:00:00",1,1,,1,"8/2025",2025
463,194,1,"09/02/25 00:00:00",1,1,,1,"9/2025",2025
464,195,1,"09/02/25 00:00:00",1,1,,1,"9/2025",2025
465,196,1,"09/03/25 00:00:00",1,1,,1,"9/2025",2025
466,197,1,"09/03/25 00:00:00",1,1,,1,"9/2025",2025
467,198,1,"09/03/25 00:00:00",1,1,,1,"9/2025",2025
468,199,1,"09/04/25 00:00:00",1,1,,1,"9/2025",2025
469,200,1,"09/04/25 00:00:00",1,1,,1,"9/2025",2025
470,201,1,"09/06/25 00:00:00",1,1,,1,"9/2025",2025
471,202,1,"09/09/25 00:00:00",1,1,,1,"9/2025",2025
472,203,1,"09/09/25 00:00:00",1,1,,1,"9/2025",2025
473,204,1,"09/09/25 00:00:00",1,1,,1,"9/2025",2025
474,205,1,"09/11/25 00:00:00",1,1,,1,"9/2025",2025
475,206,1,"09/11/25 00:00:00",1,1,,1,"9/2025",2025
476,207,1,"09/16/25 00:00:00",1,1,,1,"9/2025",2025
477,208,1,"09/16/25 00:00:00",1,1,,1,"9/2025",2025
478,209,1,"09/17/25 00:00:00",1,1,,1,"9/2025",2025
479,210,1,"09/20/25 00:00:00",1,1,,1,"9/2025",2025
480,211,1,"09/25/25 00:00:00",1,1,,1,"9/2025",2025
481,212,1,"09/25/25 00:00:00",1,1,,1,"9/2025",2025
482,213,1,"09/26/25 00:00:00",1,1,,1,"9/2025",2025
483,214,1,"10/01/25 00:00:00",1,1,,1,"10/2025",2025
484,215,1,"10/01/25 00:00:00",1,1,,1,"10/2025",2025
485,216,1,"10/01/25 00:00:00",1,1,,1,"10/2025",2025
486,217,1,"10/03/25 00:00:00",1,1,,1,"10/2025",2025
487,218,1,"10/03/25 00:00:00",1,1,,1,"10/2025",2025
488,219,1,"10/04/25 00:00:00",1,1,,1,"10/2025",2025
489,220,1,"10/04/25 00:00:00",1,1,,1,"10/2025",2025
490,221,1,"10/04/25 00:00:00",1,1,,1,"10/2025",2025
491,222,1,"10/04/25 00:00:00",1,1,,1,"10/2025",2025
492,223,1,"10/07/25 00:00:00",1,1,,1,"10/2025",2025
493,224,1,"10/07/25 00:00:00",1,1,,1,"10/2025",2025
494,225,1,"10/09/25 00:00:00",1,1,,1,"10/2025",2025
495,226,1,"10/10/25 00:00:00",1,1,,1,"10/2025",2025
496,227,1,"10/11/25 00:00:00",1,1,,1,"10/2025",2025
497,228,1,"10/14/25 00:00:00",1,1,,1,"10/2025",2025
498,229,1,"10/14/25 00:00:00",1,1,,1,"10/2025",2025
499,230,1,"10/15/25 00:00:00",1,1,,1,"10/2025",2025
500,231,1,"10/18/25 00:00:00",1,1,,1,"10/2025",2025
501,232,1,"10/18/25 00:00:00",1,1,,1,"10/2025",2025
502,233,1,"10/21/25 00:00:00",1,1,,1,"10/2025",2025
503,234,1,"10/21/25 00:00:00",1,1,,1,"10/2025",2025
504,235,1,"10/22/25 00:00:00",1,1,,1,"10/2025",2025
505,236,1,"10/23/25 00:00:00",1,1,,1,"10/2025",2025
506,237,1,"10/24/25 00:00:00",1,1,,1,"10/2025",2025
507,238,1,"10/24/25 00:00:00",1,1,,1,"10/2025",2025
508,239,1,"10/25/25 00:00:00",1,1,,1,"10/2025",2025
509,240,1,"10/25/25 00:00:00",1,1,,1,"10/2025",2025
510,241,1,"10/25/25 00:00:00",1,1,,1,"10/2025",2025
511,242,1,"10/25/25 00:00:00",1,1,,1,"10/2025",2025
512,243,1,"10/25/25 00:00:00",1,1,,1,"10/2025",2025
513,244,1,"10/25/25 00:00:00",1,1,,1,"10/2025",2025
514,245,1,"10/28/25 00:00:00",1,1,,1,"10/2025",2025
515,246,1,"10/28/25 00:00:00",1,1,,1,"10/2025",2025
516,247,1,"10/28/25 00:00:00",1,1,,1,"10/2025",2025
517,248,1,"10/28/25 00:00:00",1,1,,1,"10/2025",2025
518,249,1,"10/29/25 00:00:00",1,1,,1,"10/2025",2025
519,250,1,"10/31/25 00:00:00",1,1,,1,"10/2025",2025
520,251,1,"10/31/25 00:00:00",1,1,,1,"10/2025",2025
521,252,1,"11/04/25 00:00:00",1,1,,1,"11/2025",2025
522,253,1,"11/04/25 00:00:00",1,1,,1,"11/2025",2025
523,254,1,"11/05/25 00:00:00",1,1,,1,"11/2025",2025
524,255,1,"11/05/25 00:00:00",1,1,,1,"11/2025",2025
525,256,1,"11/05/25 00:00:00",1,1,,1,"11/2025",2025
526,257,1,"11/05/25 00:00:00",1,1,,1,"11/2025",2025
527,258,1,"11/06/25 00:00:00",1,1,,1,"11/2025",2025
528,259,1,"11/07/25 00:00:00",1,1,,1,"11/2025",2025
529,260,1,"11/07/25 00:00:00",1,1,,1,"11/2025",2025
530,261,1,"11/08/25 00:00:00",1,1,,1,"11/2025",2025
531,262,1,"11/11/25 00:00:00",1,1,,1,"11/2025",2025
532,263,1,"11/12/25 00:00:00",1,1,,1,"11/2025",2025
533,264,1,"11/13/25 00:00:00",1,1,,1,"11/2025",2025
534,265,1,"11/18/25 00:00:00",1,1,,1,"11/2025",2025
535,266,1,"11/19/25 00:00:00",1,1,,1,"11/2025",2025
536,267,1,"11/19/25 00:00:00",1,1,,1,"11/2025",2025
537,268,1,"11/20/25 00:00:00",1,1,,1,"11/2025",2025
538,269,1,"11/22/25 00:00:00",1,1,,1,"11/2025",2025
539,270,1,"11/25/25 00:00:00",1,1,,1,"11/2025",2025
540,271,1,"11/27/25 00:00:00",1,1,,1,"11/2025",2025
541,272,1,"11/27/25 00:00:00",1,1,,1,"11/2025",2025
542,273,1,"11/27/25 00:00:00",1,1,,1,"11/2025",2025
543,274,1,"11/28/25 00:00:00",1,1,,1,"11/2025",2025
544,275,1,"11/29/25 00:00:00",1,1,,1,"11/2025",2025
545,276,1,"12/02/25 00:00:00",1,1,,1,"12/2025",2025
546,277,1,"12/04/25 00:00:00",1,1,,1,"12/2025",2025
547,278,1,"12/05/25 00:00:00",1,1,,1,"12/2025",2025
548,279,1,"12/06/25 00:00:00",1,1,,1,"12/2025",2025
549,280,1,"12/06/25 00:00:00",1,1,,1,"12/2025",2025
550,281,1,"12/09/25 00:00:00",1,1,,1,"12/2025",2025
551,282,1,"12/10/25 00:00:00",1,1,,1,"12/2025",2025
552,283,1,"12/16/25 00:00:00",1,1,,1,"12/2025",2025
553,284,1,"12/17/25 00:00:00",1,1,,1,"12/2025",2025
554,285,1,"12/18/25 00:00:00",1,1,,1,"12/2025",2025
555,286,1,"12/18/25 00:00:00",1,1,,1,"12/2025",2025
556,287,1,"12/19/25 00:00:00",1,1,,1,"12/2025",2025
557,288,1,"12/23/25 00:00:00",1,1,,1,"12/2025",2025
558,289,1,"12/23/25 00:00:00",1,1,,1,"12/2025",2025
559,290,1,"12/24/25 00:00:00",1,1,,1,"12/2025",2025
560,291,1,"12/25/25 00:00:00",1,1,,1,"12/2025",2025
561,292,1,"12/26/25 00:00:00",1,1,,1,"12/2025",2025
562,293,1,"12/26/25 00:00:00",1,1,,1,"12/2025",2025
563,294,1,"12/26/25 00:00:00",1,1,,1,"12/2025",2025
564,295,1,"12/30/25 00:00:00",1,1,,1,"12/2025",2025
565,1,1,"01/06/26 00:00:00",1,1,,1,"1/2026",2026
566,2,1,"01/07/26 00:00:00",1,1,,1,"1/2026",2026
567,3,1,"01/08/26 00:00:00",1,1,,1,"1/2026",2026
568,4,1,"01/10/26 00:00:00",1,1,,1,"1/2026",2026
569,5,1,"01/10/26 00:00:00",1,1,,1,"1/2026",2026
570,6,1,"01/13/26 00:00:00",1,1,,1,"1/2026",2026
571,7,1,"01/13/26 00:00:00",1,1,,1,"1/2026",2026
572,8,1,"01/14/26 00:00:00",1,1,,1,"1/2026",2026
573,9,1,"01/14/26 00:00:00",1,1,,1,"1/2026",2026
574,10,1,"01/14/26 00:00:00",1,1,,1,"1/2026",2026
575,11,1,"01/14/26 00:00:00",1,1,,1,"1/2026",2026
576,12,1,"01/14/26 00:00:00",1,1,,1,"1/2026",2026
577,13,1,"01/14/26 00:00:00",1,1,,1,"1/2026",2026
578,14,1,"01/14/26 00:00:00",1,1,,1,"1/2026",2026
579,15,1,"01/15/26 00:00:00",1,1,,1,"1/2026",2026
580,16,1,"01/15/26 00:00:00",1,1,,1,"1/2026",2026
581,17,1,"01/17/26 00:00:00",1,1,,1,"1/2026",2026
582,18,1,"01/17/26 00:00:00",1,1,,1,"1/2026",2026
583,19,1,"01/20/26 00:00:00",1,1,,1,"1/2026",2026
584,20,1,"01/21/26 00:00:00",1,1,,1,"1/2026",2026
585,21,1,"01/22/26 00:00:00",1,1,,1,"1/2026",2026
586,22,1,"01/22/26 00:00:00",1,1,,1,"1/2026",2026
587,23,1,"01/24/26 00:00:00",1,1,,1,"1/2026",2026
588,24,1,"01/24/26 00:00:00",1,1,,1,"1/2026",2026
589,25,1,"01/24/26 00:00:00",1,1,,1,"1/2026",2026
590,26,1,"01/27/26 00:00:00",1,1,,1,"1/2026",2026
591,27,1,"01/28/26 00:00:00",1,1,,1,"1/2026",2026
592,28,1,"01/29/26 00:00:00",1,1,,1,"1/2026",2026
593,29,1,"01/30/26 00:00:00",1,1,,1,"1/2026",2026
594,30,1,"01/31/26 00:00:00",1,1,,1,"1/2026",2026
595,31,1,"01/31/26 00:00:00",1,1,,1,"1/2026",2026
596,32,1,"02/03/26 00:00:00",1,1,,1,"2/2026",2026
597,33,1,"02/03/26 00:00:00",1,1,,1,"2/2026",2026
598,34,1,"02/05/26 00:00:00",1,1,,1,"2/2026",2026
599,35,1,"02/06/26 00:00:00",1,1,,1,"2/2026",2026
600,36,1,"02/06/26 00:00:00",1,1,,1,"2/2026",2026
601,37,1,"02/06/26 00:00:00",1,1,,1,"2/2026",2026
602,38,1,"02/06/26 00:00:00",1,1,,1,"2/2026",2026
603,39,1,"02/10/26 00:00:00",1,1,,1,"2/2026",2026
604,40,1,"02/10/26 00:00:00",1,1,,1,"2/2026",2026
605,41,1,"02/10/26 00:00:00",1,1,,1,"2/2026",2026
606,42,1,"02/12/26 00:00:00",1,1,,1,"2/2026",2026
607,43,1,"02/12/26 00:00:00",1,1,,1,"2/2026",2026
608,44,1,"02/12/26 00:00:00",1,1,,1,"2/2026",2026
609,45,1,"02/17/26 00:00:00",1,1,,1,"2/2026",2026
610,46,1,"02/17/26 00:00:00",1,1,,1,"2/2026",2026
611,47,1,"02/24/26 00:00:00",1,1,,1,"2/2026",2026
612,48,1,"02/25/26 00:00:00",1,1,,1,"2/2026",2026
613,49,1,"02/26/26 00:00:00",1,1,,1,"2/2026",2026
614,50,1,"02/26/26 00:00:00",1,1,,1,"2/2026",2026
615,51,1,"02/26/26 00:00:00",1,1,,1,"2/2026",2026
616,52,1,"02/26/26 00:00:00",1,1,,1,"2/2026",2026
617,53,1,"02/26/26 00:00:00",1,1,,1,"2/2026",2026
618,54,1,"02/26/26 00:00:00",1,1,,1,"2/2026",2026
619,55,1,"02/26/26 00:00:00",1,1,,1,"2/2026",2026
620,56,1,"02/28/26 00:00:00",1,1,,1,"2/2026",2026
621,57,1,"02/28/26 00:00:00",1,1,,1,"2/2026",2026
622,58,1,"02/28/26 00:00:00",1,1,,1,"2/2026",2026
623,59,1,"03/05/26 00:00:00",1,1,,1,"3/2026",2026
624,60,1,"03/05/26 00:00:00",1,1,,1,"3/2026",2026
625,61,1,"03/06/26 00:00:00",1,1,,1,"3/2026",2026
626,62,1,"03/07/26 00:00:00",1,1,,1,"3/2026",2026
627,63,1,"03/10/26 00:00:00",1,1,,1,"3/2026",2026
628,64,1,"03/11/26 00:00:00",1,1,,1,"3/2026",2026
629,65,1,"03/12/26 00:00:00",1,1,,1,"3/2026",2026
630,66,1,"03/12/26 00:00:00",1,1,,1,"3/2026",2026
631,67,1,"03/13/26 00:00:00",1,1,,1,"3/2026",2026
632,68,1,"03/13/26 00:00:00",1,1,,1,"3/2026",2026
633,69,1,"03/13/26 00:00:00",1,1,,1,"3/2026",2026
634,70,1,"03/14/26 00:00:00",1,1,,1,"3/2026",2026
635,71,1,"03/17/26 00:00:00",1,1,,1,"3/2026",2026
636,72,1,"03/17/26 00:00:00",1,1,,1,"3/2026",2026
637,73,1,"03/19/26 00:00:00",1,1,,1,"3/2026",2026
638,74,1,"03/20/26 00:00:00",1,1,,1,"3/2026",2026
639,75,1,"03/24/26 00:00:00",1,1,,1,"3/2026",2026
640,76,1,"03/26/26 00:00:00",1,1,,1,"3/2026",2026
641,77,1,"03/27/26 00:00:00",1,1,,1,"3/2026",2026
642,78,1,"04/01/26 00:00:00",1,1,,1,"4/2026",2026
643,79,1,"04/02/26 00:00:00",1,1,,1,"4/2026",2026
644,80,1,"04/02/26 00:00:00",1,1,,1,"4/2026",2026
645,81,1,"04/03/26 00:00:00",1,1,,1,"4/2026",2026
646,82,1,"04/07/26 00:00:00",1,1,,1,"4/2026",2026
647,83,1,"04/11/26 00:00:00",1,1,,1,"4/2026",2026
648,84,1,"04/14/26 00:00:00",1,1,,1,"4/2026",2026
649,85,1,"04/16/26 00:00:00",1,1,,1,"4/2026",2026
650,86,1,"04/17/26 00:00:00",1,1,,1,"4/2026",2026
651,87,1,"04/17/26 00:00:00",1,1,,1,"4/2026",2026
652,88,1,"04/18/26 00:00:00",1,1,,1,"4/2026",2026
653,89,1,"04/22/26 00:00:00",1,1,,1,"4/2026",2026
654,90,1,"04/22/26 00:00:00",1,1,,1,"4/2026",2026
655,91,1,"04/22/26 00:00:00",1,1,,1,"4/2026",2026
656,92,1,"04/23/26 00:00:00",1,1,,1,"4/2026",2026
657,93,1,"04/24/26 00:00:00",1,1,,1,"4/2026",2026
658,94,1,"04/25/26 00:00:00",1,1,,1,"4/2026",2026
659,95,1,"04/25/26 00:00:00",1,1,,1,"4/2026",2026
660,96,1,"04/28/26 00:00:00",1,1,,1,"4/2026",2026
661,97,1,"04/29/26 00:00:00",1,1,,1,"4/2026",2026
662,98,1,"04/29/26 00:00:00",1,1,,1,"4/2026",2026
663,99,1,"04/29/26 00:00:00",1,1,,1,"4/2026",2026
664,100,1,"04/29/26 00:00:00",1,1,,1,"4/2026",2026
665,101,1,"05/01/26 00:00:00",1,1,,1,"5/2026",2026
666,102,1,"05/05/26 00:00:00",1,1,,1,"5/2026",2026
667,103,1,"05/06/26 00:00:00",1,1,,1,"5/2026",2026
668,104,1,"05/12/26 00:00:00",1,1,,1,"5/2026",2026
669,105,1,"05/13/26 00:00:00",1,1,,1,"5/2026",2026
670,106,1,"05/15/26 00:00:00",1,1,,1,"5/2026",2026
671,107,1,"05/16/26 00:00:00",1,1,,1,"5/2026",2026
672,108,1,"05/19/26 00:00:00",1,1,,1,"5/2026",2026
673,109,1,"05/21/26 00:00:00",1,1,,1,"5/2026",2026
674,110,1,"05/22/26 00:00:00",1,1,,1,"5/2026",2026
675,111,1,"05/22/26 00:00:00",1,1,,1,"5/2026",2026
676,112,1,"05/23/26 00:00:00",1,1,,1,"5/2026",2026
677,113,1,"05/23/26 00:00:00",1,1,,1,"5/2026",2026
678,114,1,"05/26/26 00:00:00",1,1,,1,"5/2026",2026
679,115,1,"05/26/26 00:00:00",1,1,,1,"5/2026",2026
680,116,1,"05/26/26 00:00:00",1,1,,1,"5/2026",2026
681,117,1,"06/02/26 00:00:00",1,1,,1,"6/2026",2026
682,118,1,"06/02/26 00:00:00",1,1,,1,"6/2026",2026
683,119,1,"06/02/26 00:00:00",1,1,,1,"6/2026",2026
684,120,1,"06/02/26 00:00:00",1,1,,1,"6/2026",2026
685,121,1,"06/02/26 00:00:00",1,1,,1,"6/2026",2026
686,122,1,"06/02/26 00:00:00",1,1,,1,"6/2026",2026
687,123,1,"06/03/26 00:00:00",1,1,,1,"6/2026",2026
688,124,1,"06/04/26 00:00:00",1,1,,1,"6/2026",2026
689,125,1,"06/04/26 00:00:00",1,1,,1,"6/2026",2026
690,126,1,"06/04/26 00:00:00",1,1,,1,"6/2026",2026
691,127,1,"06/04/26 00:00:00",1,1,,1,"6/2026",2026
692,128,1,"06/06/26 00:00:00",1,1,,1,"6/2026",2026
693,129,1,"06/09/26 00:00:00",1,1,,1,"6/2026",2026
694,130,1,"06/10/26 00:00:00",1,1,,1,"6/2026",2026
695,131,1,"06/10/26 00:00:00",1,1,,1,"6/2026",2026
696,132,1,"06/11/26 00:00:00",1,1,,1,"6/2026",2026
697,133,1,"06/11/26 00:00:00",1,1,,1,"6/2026",2026
698,134,1,"06/11/26 00:00:00",1,1,,1,"6/2026",2026
699,135,1,"06/11/26 00:00:00",1,1,,1,"6/2026",2026
700,136,1,"06/11/26 00:00:00",1,1,,1,"6/2026",2026
701,137,1,"06/11/26 00:00:00",1,1,,1,"6/2026",2026
702,138,1,"06/12/26 00:00:00",1,1,,1,"6/2026",2026
703,139,1,"06/13/26 00:00:00",1,1,,1,"6/2026",2026
704,140,1,"06/16/26 00:00:00",1,1,,1,"6/2026",2026
705,141,1,"06/16/26 00:00:00",1,1,,1,"6/2026",2026
706,142,1,"06/16/26 00:00:00",1,1,,1,"6/2026",2026
707,143,1,"06/18/26 00:00:00",1,1,,1,"6/2026",2026
708,144,1,"06/19/26 00:00:00",1,1,,1,"6/2026",2026
709,145,1,"06/19/26 00:00:00",1,1,,1,"6/2026",2026
710,146,1,"06/20/26 00:00:00",1,1,,1,"6/2026",2026
711,147,1,"06/20/26 00:00:00",1,1,,1,"6/2026",2026
712,148,1,"06/23/26 00:00:00",1,1,,1,"6/2026",2026
713,149,1,"06/23/26 00:00:00",1,1,,1,"6/2026",2026
714,150,1,"06/23/26 00:00:00",1,1,,1,"6/2026",2026
715,151,1,"06/23/26 00:00:00",1,1,,1,"6/2026",2026
716,152,1,"06/23/26 00:00:00",1,1,,1,"6/2026",2026
717,153,1,"06/24/26 00:00:00",1,1,,1,"6/2026",2026
718,154,1,"06/24/26 00:00:00",1,1,,1,"6/2026",2026
719,155,1,"06/24/26 00:00:00",1,1,,1,"6/2026",2026
720,156,1,"06/25/26 00:00:00",1,1,,1,"6/2026",2026
721,157,1,"06/25/26 00:00:00",1,1,,1,"6/2026",2026
722,158,1,"06/26/26 00:00:00",1,1,,1,"6/2026",2026
723,159,1,"06/27/26 00:00:00",1,1,,1,"6/2026",2026
724,160,1,"06/27/26 00:00:00",1,1,,1,"6/2026",2026
725,161,1,"06/27/26 00:00:00",1,1,,1,"6/2026",2026
726,162,1,"06/27/26 00:00:00",1,1,,1,"6/2026",2026
727,163,1,"06/27/26 00:00:00",1,1,,1,"6/2026",2026
728,164,1,"06/30/26 00:00:00",1,1,,1,"6/2026",2026
729,165,1,"06/30/26 00:00:00",1,1,,1,"6/2026",2026
730,166,1,"07/07/26 00:00:00",1,1,,1,"7/2026",2026
731,167,1,"07/07/26 00:00:00",1,1,,1,"7/2026",2026
732,168,1,"07/07/26 00:00:00",1,1,,1,"7/2026",2026
733,169,1,"07/07/26 00:00:00",1,1,,1,"7/2026",2026
734,170,1,"07/07/26 00:00:00",1,1,,1,"7/2026",2026
735,171,1,"07/08/26 00:00:00",1,1,,1,"7/2026",2026
736,172,1,"07/09/26 00:00:00",1,1,,1,"7/2026",2026
737,173,1,"07/10/26 00:00:00",1,1,,1,"7/2026",2026
738,174,1,"07/20/26 00:00:00",1,1,,1,"7/2026",2026
