IdRecepcion,IdProducto,Pcosto,Pventa,Cantidad
1,1,190,250,16
2,2,182,300,3
3,3,70,200,11
4,4,183,350,18
5,5,182,300,24
6,4,183,350,4
7,7,145,350,24
8,4,183,350,24
9,8,80,300,100
10,9,80,200,72
11,7,145,350,2
12,4,183,350,4
13,12,135,350,72
14,10,150,250,24
15,11,135,300,48
16,13,135,350,48
17,13,135,350,48
18,14,100,250,50
19,13,135,350,40
20,15,150,250,48
21,16,100,200,36
22,13,135,350,36
23,17,580,900,22
24,8,80,300,20
25,18,170,350,24
26,16,100,200,48
27,19,150,350,24
28,20,200,450,48
29,21,140,350,24
30,1,200,400,48
31,16,100,250,96
32,22,85,250,96
33,23,170,400,24
34,8,80,300,10
35,1,200,400,48
37,25,80,250,48
38,26,200,450,48
39,27,180,450,24
40,8,80,300,50
41,28,170,450,24
42,29,220,450,72
43,30,190,400,24
44,31,190,400,24
45,32,180,400,24
46,16,100,250,48
47,33,250,500,24
48,1,200,450,24
49,16,100,300,24
50,8,80,400,40
51,1,200,450,24
52,16,100,300,36
53,34,280,600,24
54,35,150,350,48
55,36,350,500,24
56,37,350,500,24
57,38,350,500,24
58,40,200,800,10
59,41,200,800,10
60,42,110,350,48
61,42,110,350,72
62,43,250,500,48
63,44,190,500,24
64,46,7000,14000,1
65,8,150,400,50
66,47,3600,9000,1
67,48,200,400,20
68,49,250,500,24
69,50,150,350,105
71,50,150,350,105
72,51,300,650,24
73,56,72.12,1000,15
74,56,72.12,1000,15
75,57,212.4,880,35
76,58,279.08,1000,30
77,59,231.67,920,35
78,53,243.4,880,80
79,54,250,840,80
80,55,320.07,1000,80
81,61,310,1000,216
82,62,310,1000,252
83,63,206,800,40
84,60,272.67,920,80
85,64,92.12,1200,35
86,65,45.15,1000,10
87,1,200,800,48
88,66,290,800,48
89,68,284.125,880,80
90,69,300,640,50
91,36,250,800,50
92,70,250,800,50
92,37,250,800,50
92,38,250,800,50
93,71,240,600,50
93,72,200,400,50
93,73,260,600,25
93,3,150,400,100
94,44,180,400,10
94,8,36.12,800,45
95,14,120,600,45
96,75,400,800,7
97,64,212,1200,15
98,76,20.75,50,100
99,77,41.75,50,100
100,64,212,1200,50
101,78,0,600,20
102,79,150,600,72
103,64,212,1150,20
104,52,208,750,5
105,80,0,600,8
106,81,300,600,6
107,84,459,950,22
107,82,174,700,124
107,83,513,1150,17
108,64,212,1150,15
109,4,252,900,24
110,64,212,1150,15
111,85,243,700,33
112,56,192,900,50
113,78,0,600,30
114,64,212,1150,100
115,8,156,800,50
116,8,156,800,40
117,85,243,700,33
118,78,65,600,30
119,8,156,800,80
120,86,298.2,0,48
120,87,436.35,0,40
121,55,328,1200,10
122,87,491.32,950,40
122,86,349.29,700,48
122,88,225.35,600,84
122,89,511.39,950,30
122,90,415.65,950,24
123,90,415.65,950,24
124,64,212,1150,50
125,56,192,900,50
126,55,328,1200,50
127,91,47.45,180,249
128,78,65,600,30
129,65,164,950,50
130,78,65,600,18
131,64,212,1150,25
132,93,300,600,4
133,94,117,600,10
134,92,300,600,8
135,8,156,750,50
136,95,164,600,5
137,64,212,1150,25
138,64,212,1150,25
139,96,533,600,8
140,97,178,750,48
140,98,190,750,48
141,64,212,1150,25
142,55,328,1200,15
143,95,164,600,10
144,99,285,600,4
145,64,212,1150,50
146,100,150,600,54
147,101,0,600,3
148,102,0,600,4
149,103,0,600,4
150,104,0,1150,50
151,105,0,920,25
152,106,0,1200,25
153,107,15,50,100
154,108,247.5,700,48
155,109,243.08,600,58
156,110,162.2,600,84
157,111,0,850,50
158,112,0,600,8
159,103,0,600,8
160,113,0,750,50
161,114,0,350,20
162,113,0,750,25
163,113,0,750,25
164,102,0,600,12
165,115,0,600,15
166,101,0,600,7
167,113,0,750,50
168,116,0,600,50
169,113,0,750,25
170,113,0,750,25
171,113,0,750,50
172,117,0,1200,50
173,118,0,1150,50
174,119,0,1300,10
175,103,0,600,10
176,120,0,750,10
177,113,0,750,25
178,121,0,500,24
179,113,0,750,25
180,122,0,750,10
181,104,0,1150,50
182,123,256,700,29
183,124,489.6,950,25
184,114,0,350,10
185,119,0,1300,10
186,125,0,500,8
187,113,0,750,50
188,112,0,600,3
189,103,0,600,11
190,126,0,500,120
191,112,0,600,2
192,102,0,600,4
193,102,0,600,8
194,127,0,1150,20
195,128,0,950,10
196,111,0,850,10
197,129,0,600,4
198,119,0,1300,20
199,127,0,1150,20
199,114,0,350,10
200,130,0,600,5
201,113,0,750,50
202,127,0,1150,50
203,1,200,650,48
204,131,0,600,6
205,132,0,750,5
206,115,0,600,13
207,111,0,850,50
208,119,0,1300,10
209,113,0,750,40
210,103,0,600,20
211,119,0,1300,30
212,52,0,1100,20
213,55,0,1500,15
214,127,0,1150,50
215,133,0,200,1
216,136,0,950,30
216,135,0,600,48
217,137,0,50,150
217,138,0,600,7
217,131,0,600,6
217,115,0,600,13
218,139,0,750,24
219,113,0,750,20
220,127,0,1150,30
221,103,0,600,5
222,131,0,600,5
223,130,0,600,4
224,138,0,600,2
224,115,0,600,8
225,113,0,750,30
226,116,0,600,50
227,127,0,1150,50
228,115,0,600,5
228,55,0,1500,10
229,140,0,750,24
229,141,0,700,6
229,143,0,650,8
229,142,0,500,24
230,144,0,700,4
231,119,0,1300,10
232,113,0,750,40
233,145,0,600,8
234,131,0,600,4
235,138,0,600,7
236,146,250,700,72
237,113,0,750,50
238,55,0,1500,20
239,111,0,850,20
240,147,0,1150,30
241,64,212,1150,30
242,148,0,180,3
243,113,0,750,50
244,119,0,1300,10
245,131,0,600,6
246,115,0,600,11
247,111,0,850,25
248,112,0,600,8
249,148,0,180,6
250,52,0,1100,1
251,55,0,1500,5
252,113,0,750,50
253,135,0,500,16
253,149,0,500,16
254,148,0,180,50
255,52,0,1100,10
255,113,0,750,40
256,48,0,600,10
256,113,0,750,20
257,150,0,1300,10
258,135,0,500,24
258,149,0,500,24
259,55,0,1500,10
260,151,148,500,52
261,111,0,850,20
262,55,0,1500,10
263,113,0,750,20
264,147,0,1150,50
265,135,0,500,24
265,149,0,500,24
265,94,117,600,8
266,156,0,750,24
266,153,0,750,24
266,155,0,750,24
266,152,0,900,17
266,139,0,650,15
266,154,0,750,43
267,157,0,600,8
267,131,0,600,6
268,101,0,600,9
269,113,0,750,50
270,55,0,1500,10
271,119,0,1300,10
272,113,0,750,100
273,111,0,850,50
274,131,0,600,6
275,55,0,1500,20
276,159,0,700,168
276,160,0,950,84
276,158,0,750,44
277,113,0,750,50
278,116,0,600,50
279,161,0,500,24
280,163,0,700,116
280,162,0,750,36
281,115,0,600,4
282,147,0,1150,50
283,113,0,750,100
284,164,215,600,24
285,52,0,650,10
286,138,0,600,13
286,145,0,600,10
286,115,0,600,5
286,149,0,500,16
286,135,0,500,16
287,115,0,600,5
288,53,0,1000,10
289,48,0,600,25
290,147,0,1150,50
291,52,0,650,30
292,111,0,850,50
293,111,0,850,50
294,119,0,1300,15
295,55,0,1250,20
295,166,0,600,24
296,167,0,600,12
297,113,0,750,40
297,147,0,1150,20
298,159,0,700,40
299,115,0,600,8
299,138,0,600,1
299,131,0,600,4
299,157,0,600,5
300,129,0,600,6
301,168,0,4080,1
302,53,0,1000,15
303,113,0,750,40
303,147,0,1150,20
304,115,0,600,8
304,138,0,600,4
304,131,0,600,5
304,157,0,600,8
305,64,212,1150,20
306,55,0,1250,20
307,111,0,850,20
308,147,0,1150,30
309,147,0,1150,50
310,169,180,600,34
311,113,0,750,30
312,111,0,850,20
313,157,0,600,50
314,119,0,1300,20
315,116,0,600,40
316,55,0,1250,20
317,113,0,750,40
317,111,0,850,20
318,129,0,600,50
319,52,0,650,50
320,170,0,600,20
321,147,0,1150,50
322,113,0,750,40
322,111,0,850,20
322,116,0,600,20
323,142,0,600,39
324,163,0,700,40
325,53,0,1000,20
326,157,0,600,9
326,170,0,600,16
326,138,0,600,9
327,119,0,1300,25
328,171,0,1500,1
329,171,0,1500,1
330,147,0,1150,50
331,139,0,650,48
332,111,0,850,30
333,55,0,1250,20
334,131,0,600,50
335,48,0,600,50
336,113,0,750,50
337,158,0,750,20
338,172,196.08,600,48
339,147,0,1150,50
339,111,0,850,50
339,113,0,750,50
340,129,0,600,15
341,157,0,600,19
342,131,0,600,7
343,170,0,600,7
344,159,0,700,10
345,173,0,1250,15
346,116,0,600,50
347,163,0,700,20
348,147,0,1150,50
348,159,0,700,50
349,174,180,500,70
350,49,250,750,24
351,163,0,700,20
352,55,0,1250,40
353,175,0,600,7
354,116,0,600,50
355,113,0,750,50
356,157,0,600,8
356,176,0,600,16
356,131,0,600,4
356,101,0,600,9
356,175,0,600,7
357,177,0,650,48
358,178,0,650,24
359,147,0,1150,50
360,158,0,750,10
361,119,0,1300,20
362,111,0,850,20
363,112,0,600,15
364,160,0,950,20
365,179,0,600,20
366,163,0,700,20
367,147,0,1150,50
368,180,0,750,20
369,181,410,600,10
370,182,0,600,10
371,142,0,600,48
371,125,0,500,105
371,183,0,650,48
371,10,0,650,24
371,184,0,700,24
371,180,0,750,48
372,111,0,850,50
373,147,0,1150,50
374,55,0,1250,20
375,116,0,600,50
376,113,0,750,50
377,163,0,700,10
378,158,0,750,10
379,157,0,600,5
379,131,0,600,6
379,179,0,600,15
379,176,0,600,12
379,130,0,600,11
380,52,0,650,20
381,119,0,1300,20
382,55,0,1250,50
383,104,0,1150,50
384,53,0,1000,50
385,160,0,950,20
386,182,0,600,10
387,113,0,750,40
387,173,0,1250,20
388,159,0,700,20
389,111,0,850,40
390,111,0,850,50
391,165,0,600,40
392,147,0,1150,30
393,158,0,750,15
394,163,0,700,20
395,182,0,600,9
396,147,0,1150,50
397,157,0,600,7
397,176,0,600,12
397,138,0,600,7
397,131,0,600,5
397,179,0,600,9
398,182,0,600,9
399,113,0,750,50
400,135,0,500,24
400,185,0,750,10
401,182,0,600,20
402,116,0,600,50
403,159,0,700,168
404,186,0,750,72
405,187,0,700,45
406,147,0,1150,50
407,135,0,500,20
408,55,0,1250,20
409,119,0,1300,30
410,95,164,600,20
411,95,164,600,20
412,163,0,700,20
413,182,0,600,10
414,187,0,1150,50
415,176,0,600,12
416,163,0,700,15
417,111,0,850,50
418,113,0,750,50
419,158,0,750,16
420,182,0,600,2
421,182,0,600,10
422,183,0,650,24
423,182,0,600,10
424,189,0,750,24
425,188,0,1150,24
426,176,0,600,9
427,131,0,600,8
428,186,0,750,36
429,187,0,700,90
430,181,0,700,6
431,67,0,1500,10
432,181,0,700,20
433,64,0,1200,25
434,53,0,1250,34
435,55,0,1500,30
436,190,0,950,15
437,3,0,600,20
438,152,0,900,12
439,158,0,750,10
440,181,0,700,10
441,131,0,600,15
442,64,0,1200,30
443,179,0,600,20
444,191,0,500,80
445,192,0,1200,24
446,192,0,1200,24
447,193,0,1300,20
448,194,0,1200,10
449,195,0,1200,10
450,196,0,1200,10
451,197,0,750,10
452,198,0,750,10
453,199,0,850,10
454,200,0,850,10
455,111,0,850,50
456,142,0,600,48
457,181,0,700,5
458,181,0,700,10
459,115,0,600,14
460,131,0,600,7
461,113,0,750,50
462,64,0,1200,30
463,163,0,700,10
464,181,0,700,20
465,52,0,650,20
466,196,0,1200,20
467,194,0,1200,20
468,116,0,600,100
469,53,0,1250,20
470,64,0,1200,50
471,55,0,1500,20
472,201,0,1800,6
473,202,0,2000,6
474,202,0,2000,6
475,119,0,1300,20
476,113,0,750,50
477,202,0,2000,10
478,147,0,1150,5
479,64,0,1200,50
480,202,0,2000,6
481,55,0,1500,20
482,67,0,1500,20
483,142,0,600,20
484,103,0,600,6
484,115,0,600,8
484,131,0,600,9
485,64,0,1200,20
486,119,0,1300,50
487,196,0,1200,20
490,56,0,850,20
489,115,0,600,4
488,101,0,600,7
491,202,0,2000,19
492,55,0,1500,20
493,64,0,1200,50
494,113,0,750,50
495,142,0,600,20
496,194,0,1200,20
497,202,0,2000,17
498,111,0,850,50
499,202,0,2000,10
500,55,0,1500,30
501,64,0,1200,20
502,137,0,50,100
503,113,0,750,50
504,202,0,2000,20
505,64,0,1200,50
506,101,0,600,30
507,166,0,600,30
508,203,0,1150,50
509,204,0,800,50
510,205,0,650,50
511,206,0,700,10
512,199,0,1150,10
513,200,0,1150,10
514,207,0,1000,100
515,208,0,1150,60
516,195,0,1600,20
517,194,0,1600,20
518,112,0,600,8
519,202,0,2000,9
520,55,0,1700,20
521,131,0,600,8
522,115,0,600,15
523,210,0,1500,15
524,131,0,600,8
525,115,0,600,15
526,101,0,600,10
527,64,0,1300,100
528,206,0,700,160
529,195,0,1600,20
529,194,0,1600,20
530,211,0,650,38
531,204,0,800,100
532,210,0,1500,15
533,193,0,1700,30
534,210,0,1500,20
535,55,0,1700,50
536,119,0,1500,50
537,166,0,600,20
538,203,0,1150,50
539,210,0,1500,25
540,131,0,600,11
541,115,0,600,18
542,101,0,600,8
543,204,0,800,100
544,64,0,1300,30
545,210,0,1500,21
546,212,0,700,27
547,64,0,1300,50
548,166,0,600,20
549,205,0,650,100
550,142,0,600,48
551,210,0,1500,22
552,210,0,1500,11
553,64,0,1300,100
554,55,0,1700,50
555,203,0,1150,100
556,48,0,600,10
557,210,0,1500,25
558,52,0,650,20
559,208,0,1150,60
560,180,0,750,34
561,213,0,100,44
562,214,0,1150,48
563,142,0,600,24
564,52,0,650,20
565,210,0,1500,23
566,115,0,600,13
567,204,0,800,20
568,55,0,1700,50
569,119,0,1500,100
570,196,0,1600,10
571,210,0,1500,28
572,196,0,1600,20
573,196,0,1600,20
574,217,0,1600,10
575,216,0,1600,10
576,215,470,950,20
577,104,0,1150,20
578,64,0,1300,20
579,218,0,1600,50
580,204,0,800,20
581,204,0,800,30
582,64,0,1300,30
583,219,0,600,24
584,210,0,1500,15
585,101,0,600,20
586,131,0,600,10
587,204,0,800,100
588,64,0,1300,100
589,48,0,600,100
590,216,0,1600,17
591,195,0,1600,10
592,210,0,1500,15
593,195,0,1600,7
594,220,0,850,24
595,210,0,1500,1
596,210,0,1500,20
597,203,0,1150,100
598,204,0,800,40
599,216,0,1600,20
600,195,0,1600,20
601,196,0,1600,20
602,217,0,1600,20
603,204,0,800,100
604,55,0,1700,100
605,210,0,1500,20
606,115,0,600,9
607,131,0,600,10
608,101,0,600,13
609,221,0,600,24
610,210,0,1500,20
611,210,0,1500,20
612,64,0,1300,30
613,115,0,600,12
614,131,0,600,11
615,101,0,600,13
616,4,0,1150,29
617,10,0,650,3
618,7,0,750,2
619,222,0,900,3
620,140,0,750,1
621,153,0,750,1
622,204,0,800,40
623,221,0,600,18
624,64,0,1300,40
625,184,0,700,48
626,205,0,650,200
627,210,0,2000,16
628,159,0,700,1
629,159,0,700,1
630,64,0,1300,20
631,223,0,950,20
632,223,0,950,25
633,223,0,950,35
634,50,0,600,48
635,50,0,600,47
636,64,0,1300,50
637,220,0,850,23
638,204,0,800,40
639,210,0,1750,20
640,223,0,950,2
641,206,0,950,150
642,64,0,1300,100
643,214,0,1150,96
644,204,0,800,100
645,101,0,600,13
646,210,0,1750,15
647,203,0,1150,30
648,210,0,1750,15
649,119,0,1500,100
650,4,0,1150,24
651,50,0,600,45
652,137,0,50,100
653,101,0,600,13
654,115,0,600,19
655,64,0,1300,50
656,131,0,600,1
657,203,0,1150,100
658,131,0,600,5
659,131,0,600,3
660,210,0,1750,14
661,196,0,1600,20
662,217,0,1600,20
663,216,0,1600,20
664,208,0,1150,60
665,4,0,1150,48
666,64,0,1300,100
667,139,0,750,48
668,50,0,600,2
669,50,0,600,48
670,131,0,600,2
671,115,0,600,15
672,204,0,800,100
673,131,0,600,2
674,64,0,1300,100
675,50,0,600,24
676,131,0,600,2
677,55,0,1700,20
678,115,0,600,14
679,131,0,600,8
680,224,0,600,20
681,94,0,700,33
682,92,0,700,7
683,230,0,700,5
684,225,0,1250,20
685,1,0,850,36
686,2,0,850,15
687,16,0,700,24
688,217,0,1600,3
689,218,0,1650,3
690,119,0,1550,28
691,224,0,700,1
692,131,0,700,1
693,131,0,700,1
694,95,0,700,4
695,131,0,700,5
696,55,0,1750,20
697,64,0,1350,40
698,196,0,1600,30
699,196,0,1600,7
700,196,0,1600,2
701,196,0,1600,1
702,92,0,700,11
703,213,0,100,200
704,224,0,700,24
705,232,0,800,24
706,181,0,2000,15
707,131,0,700,1
708,131,0,700,1
709,203,0,1200,30
710,64,0,1350,40
711,55,0,1750,15
712,233,0,700,5
713,181,0,2200,10
714,233,0,700,3
715,94,0,700,5
716,181,0,2200,5
717,53,0,1800,100
718,131,0,850,8
719,92,0,850,10
720,229,0,850,15
721,64,0,1650,100
722,224,0,850,45
723,55,0,2150,20
724,178,0,650,24
725,1,0,1000,24
726,234,0,750,23
727,10,0,650,24
728,225,0,1500,100
729,181,0,2200,25
730,204,0,1150,50
731,181,0,2200,16
732,131,0,850,7
733,95,0,850,15
734,94,0,850,8
735,92,0,850,4
736,77,0,100,200
737,55,0,2150,20
738,235,0,300,3000
738,237,0,15,300
738,236,0,4.5,300
